--
-- PostgreSQL database dump
--

\restrict y55bjeIrms6h5eJjhKMuE06IB2dQnMOJQIH5xK2mf9UNVvN5UwshnMbJjHLDTkh

-- Dumped from database version 18.3
-- Dumped by pg_dump version 18.3

-- Started on 2026-05-04 14:33:42

SET statement_timeout = 0;
SET lock_timeout = 0;
SET idle_in_transaction_session_timeout = 0;
SET transaction_timeout = 0;
SET client_encoding = 'UTF8';
SET standard_conforming_strings = on;
SELECT pg_catalog.set_config('search_path', '', false);
SET check_function_bodies = false;
SET xmloption = content;
SET client_min_messages = warning;
SET row_security = off;

--
-- TOC entry 5 (class 2615 OID 18149)
-- Name: public; Type: SCHEMA; Schema: -; Owner: postgres
--

-- *not* creating schema, since initdb creates it


ALTER SCHEMA public OWNER TO postgres;

--
-- TOC entry 5146 (class 0 OID 0)
-- Dependencies: 5
-- Name: SCHEMA public; Type: COMMENT; Schema: -; Owner: postgres
--

COMMENT ON SCHEMA public IS '';


SET default_tablespace = '';

SET default_table_access_method = heap;

--
-- TOC entry 226 (class 1259 OID 18185)
-- Name: auth_group; Type: TABLE; Schema: public; Owner: postgres
--

CREATE TABLE public.auth_group (
    id integer NOT NULL,
    name character varying(150) NOT NULL
);


ALTER TABLE public.auth_group OWNER TO postgres;

--
-- TOC entry 225 (class 1259 OID 18184)
-- Name: auth_group_id_seq; Type: SEQUENCE; Schema: public; Owner: postgres
--

ALTER TABLE public.auth_group ALTER COLUMN id ADD GENERATED BY DEFAULT AS IDENTITY (
    SEQUENCE NAME public.auth_group_id_seq
    START WITH 1
    INCREMENT BY 1
    NO MINVALUE
    NO MAXVALUE
    CACHE 1
);


--
-- TOC entry 228 (class 1259 OID 18195)
-- Name: auth_group_permissions; Type: TABLE; Schema: public; Owner: postgres
--

CREATE TABLE public.auth_group_permissions (
    id bigint NOT NULL,
    group_id integer NOT NULL,
    permission_id integer NOT NULL
);


ALTER TABLE public.auth_group_permissions OWNER TO postgres;

--
-- TOC entry 227 (class 1259 OID 18194)
-- Name: auth_group_permissions_id_seq; Type: SEQUENCE; Schema: public; Owner: postgres
--

ALTER TABLE public.auth_group_permissions ALTER COLUMN id ADD GENERATED BY DEFAULT AS IDENTITY (
    SEQUENCE NAME public.auth_group_permissions_id_seq
    START WITH 1
    INCREMENT BY 1
    NO MINVALUE
    NO MAXVALUE
    CACHE 1
);


--
-- TOC entry 224 (class 1259 OID 18175)
-- Name: auth_permission; Type: TABLE; Schema: public; Owner: postgres
--

CREATE TABLE public.auth_permission (
    id integer NOT NULL,
    name character varying(255) NOT NULL,
    content_type_id integer NOT NULL,
    codename character varying(100) NOT NULL
);


ALTER TABLE public.auth_permission OWNER TO postgres;

--
-- TOC entry 223 (class 1259 OID 18174)
-- Name: auth_permission_id_seq; Type: SEQUENCE; Schema: public; Owner: postgres
--

ALTER TABLE public.auth_permission ALTER COLUMN id ADD GENERATED BY DEFAULT AS IDENTITY (
    SEQUENCE NAME public.auth_permission_id_seq
    START WITH 1
    INCREMENT BY 1
    NO MINVALUE
    NO MAXVALUE
    CACHE 1
);


--
-- TOC entry 230 (class 1259 OID 18204)
-- Name: auth_user; Type: TABLE; Schema: public; Owner: postgres
--

CREATE TABLE public.auth_user (
    id integer NOT NULL,
    password character varying(128) NOT NULL,
    last_login timestamp with time zone,
    is_superuser boolean NOT NULL,
    username character varying(150) NOT NULL,
    first_name character varying(150) NOT NULL,
    last_name character varying(150) NOT NULL,
    email character varying(254) NOT NULL,
    is_staff boolean NOT NULL,
    is_active boolean NOT NULL,
    date_joined timestamp with time zone NOT NULL
);


ALTER TABLE public.auth_user OWNER TO postgres;

--
-- TOC entry 232 (class 1259 OID 18223)
-- Name: auth_user_groups; Type: TABLE; Schema: public; Owner: postgres
--

CREATE TABLE public.auth_user_groups (
    id bigint NOT NULL,
    user_id integer NOT NULL,
    group_id integer NOT NULL
);


ALTER TABLE public.auth_user_groups OWNER TO postgres;

--
-- TOC entry 231 (class 1259 OID 18222)
-- Name: auth_user_groups_id_seq; Type: SEQUENCE; Schema: public; Owner: postgres
--

ALTER TABLE public.auth_user_groups ALTER COLUMN id ADD GENERATED BY DEFAULT AS IDENTITY (
    SEQUENCE NAME public.auth_user_groups_id_seq
    START WITH 1
    INCREMENT BY 1
    NO MINVALUE
    NO MAXVALUE
    CACHE 1
);


--
-- TOC entry 229 (class 1259 OID 18203)
-- Name: auth_user_id_seq; Type: SEQUENCE; Schema: public; Owner: postgres
--

ALTER TABLE public.auth_user ALTER COLUMN id ADD GENERATED BY DEFAULT AS IDENTITY (
    SEQUENCE NAME public.auth_user_id_seq
    START WITH 1
    INCREMENT BY 1
    NO MINVALUE
    NO MAXVALUE
    CACHE 1
);


--
-- TOC entry 234 (class 1259 OID 18232)
-- Name: auth_user_user_permissions; Type: TABLE; Schema: public; Owner: postgres
--

CREATE TABLE public.auth_user_user_permissions (
    id bigint NOT NULL,
    user_id integer NOT NULL,
    permission_id integer NOT NULL
);


ALTER TABLE public.auth_user_user_permissions OWNER TO postgres;

--
-- TOC entry 233 (class 1259 OID 18231)
-- Name: auth_user_user_permissions_id_seq; Type: SEQUENCE; Schema: public; Owner: postgres
--

ALTER TABLE public.auth_user_user_permissions ALTER COLUMN id ADD GENERATED BY DEFAULT AS IDENTITY (
    SEQUENCE NAME public.auth_user_user_permissions_id_seq
    START WITH 1
    INCREMENT BY 1
    NO MINVALUE
    NO MAXVALUE
    CACHE 1
);


--
-- TOC entry 236 (class 1259 OID 18293)
-- Name: django_admin_log; Type: TABLE; Schema: public; Owner: postgres
--

CREATE TABLE public.django_admin_log (
    id integer NOT NULL,
    action_time timestamp with time zone NOT NULL,
    object_id text,
    object_repr character varying(200) NOT NULL,
    action_flag smallint NOT NULL,
    change_message text NOT NULL,
    content_type_id integer,
    user_id integer NOT NULL,
    CONSTRAINT django_admin_log_action_flag_check CHECK ((action_flag >= 0))
);


ALTER TABLE public.django_admin_log OWNER TO postgres;

--
-- TOC entry 235 (class 1259 OID 18292)
-- Name: django_admin_log_id_seq; Type: SEQUENCE; Schema: public; Owner: postgres
--

ALTER TABLE public.django_admin_log ALTER COLUMN id ADD GENERATED BY DEFAULT AS IDENTITY (
    SEQUENCE NAME public.django_admin_log_id_seq
    START WITH 1
    INCREMENT BY 1
    NO MINVALUE
    NO MAXVALUE
    CACHE 1
);


--
-- TOC entry 222 (class 1259 OID 18163)
-- Name: django_content_type; Type: TABLE; Schema: public; Owner: postgres
--

CREATE TABLE public.django_content_type (
    id integer NOT NULL,
    app_label character varying(100) NOT NULL,
    model character varying(100) NOT NULL
);


ALTER TABLE public.django_content_type OWNER TO postgres;

--
-- TOC entry 221 (class 1259 OID 18162)
-- Name: django_content_type_id_seq; Type: SEQUENCE; Schema: public; Owner: postgres
--

ALTER TABLE public.django_content_type ALTER COLUMN id ADD GENERATED BY DEFAULT AS IDENTITY (
    SEQUENCE NAME public.django_content_type_id_seq
    START WITH 1
    INCREMENT BY 1
    NO MINVALUE
    NO MAXVALUE
    CACHE 1
);


--
-- TOC entry 220 (class 1259 OID 18151)
-- Name: django_migrations; Type: TABLE; Schema: public; Owner: postgres
--

CREATE TABLE public.django_migrations (
    id bigint NOT NULL,
    app character varying(255) NOT NULL,
    name character varying(255) NOT NULL,
    applied timestamp with time zone NOT NULL
);


ALTER TABLE public.django_migrations OWNER TO postgres;

--
-- TOC entry 219 (class 1259 OID 18150)
-- Name: django_migrations_id_seq; Type: SEQUENCE; Schema: public; Owner: postgres
--

ALTER TABLE public.django_migrations ALTER COLUMN id ADD GENERATED BY DEFAULT AS IDENTITY (
    SEQUENCE NAME public.django_migrations_id_seq
    START WITH 1
    INCREMENT BY 1
    NO MINVALUE
    NO MAXVALUE
    CACHE 1
);


--
-- TOC entry 243 (class 1259 OID 18396)
-- Name: django_session; Type: TABLE; Schema: public; Owner: postgres
--

CREATE TABLE public.django_session (
    session_key character varying(40) NOT NULL,
    session_data text NOT NULL,
    expire_date timestamp with time zone NOT NULL
);


ALTER TABLE public.django_session OWNER TO postgres;

--
-- TOC entry 240 (class 1259 OID 18350)
-- Name: phan_anh_binhluan; Type: TABLE; Schema: public; Owner: postgres
--

CREATE TABLE public.phan_anh_binhluan (
    id bigint NOT NULL,
    noi_dung text NOT NULL,
    ngay_tao timestamp with time zone NOT NULL,
    nguoi_dung_id integer NOT NULL,
    diem_phan_anh_id bigint NOT NULL,
    hinh_anh_minh_chung character varying(100),
    is_flagged boolean NOT NULL,
    is_hidden boolean NOT NULL
);


ALTER TABLE public.phan_anh_binhluan OWNER TO postgres;

--
-- TOC entry 239 (class 1259 OID 18349)
-- Name: phan_anh_binhluan_id_seq; Type: SEQUENCE; Schema: public; Owner: postgres
--

ALTER TABLE public.phan_anh_binhluan ALTER COLUMN id ADD GENERATED BY DEFAULT AS IDENTITY (
    SEQUENCE NAME public.phan_anh_binhluan_id_seq
    START WITH 1
    INCREMENT BY 1
    NO MINVALUE
    NO MAXVALUE
    CACHE 1
);


--
-- TOC entry 238 (class 1259 OID 18334)
-- Name: phan_anh_diemphananh; Type: TABLE; Schema: public; Owner: postgres
--

CREATE TABLE public.phan_anh_diemphananh (
    id bigint NOT NULL,
    tieu_de character varying(200) NOT NULL,
    quan_huyen character varying(100) NOT NULL,
    vi_do double precision NOT NULL,
    kinh_do double precision NOT NULL,
    trang_thai character varying(50) NOT NULL,
    ngay_bao_cao timestamp with time zone NOT NULL,
    ghi_chu text,
    hinh_anh_xong character varying(100),
    ngay_cap_nhat timestamp with time zone NOT NULL,
    nguoi_tao_id integer,
    mo_ta_chi_tiet text,
    an_danh boolean NOT NULL,
    dia_chi character varying(500)
);


ALTER TABLE public.phan_anh_diemphananh OWNER TO postgres;

--
-- TOC entry 237 (class 1259 OID 18333)
-- Name: phan_anh_diemphananh_id_seq; Type: SEQUENCE; Schema: public; Owner: postgres
--

ALTER TABLE public.phan_anh_diemphananh ALTER COLUMN id ADD GENERATED BY DEFAULT AS IDENTITY (
    SEQUENCE NAME public.phan_anh_diemphananh_id_seq
    START WITH 1
    INCREMENT BY 1
    NO MINVALUE
    NO MAXVALUE
    CACHE 1
);


--
-- TOC entry 245 (class 1259 OID 18435)
-- Name: phan_anh_diemphananh_nguoi_theo_doi; Type: TABLE; Schema: public; Owner: postgres
--

CREATE TABLE public.phan_anh_diemphananh_nguoi_theo_doi (
    id bigint NOT NULL,
    diemphananh_id bigint NOT NULL,
    user_id integer NOT NULL
);


ALTER TABLE public.phan_anh_diemphananh_nguoi_theo_doi OWNER TO postgres;

--
-- TOC entry 244 (class 1259 OID 18434)
-- Name: phan_anh_diemphananh_nguoi_theo_doi_id_seq; Type: SEQUENCE; Schema: public; Owner: postgres
--

ALTER TABLE public.phan_anh_diemphananh_nguoi_theo_doi ALTER COLUMN id ADD GENERATED BY DEFAULT AS IDENTITY (
    SEQUENCE NAME public.phan_anh_diemphananh_nguoi_theo_doi_id_seq
    START WITH 1
    INCREMENT BY 1
    NO MINVALUE
    NO MAXVALUE
    CACHE 1
);


--
-- TOC entry 247 (class 1259 OID 18460)
-- Name: phan_anh_diemphananh_nguoi_xac_nhan; Type: TABLE; Schema: public; Owner: postgres
--

CREATE TABLE public.phan_anh_diemphananh_nguoi_xac_nhan (
    id bigint NOT NULL,
    diemphananh_id bigint NOT NULL,
    user_id integer NOT NULL
);


ALTER TABLE public.phan_anh_diemphananh_nguoi_xac_nhan OWNER TO postgres;

--
-- TOC entry 246 (class 1259 OID 18459)
-- Name: phan_anh_diemphananh_nguoi_xac_nhan_id_seq; Type: SEQUENCE; Schema: public; Owner: postgres
--

ALTER TABLE public.phan_anh_diemphananh_nguoi_xac_nhan ALTER COLUMN id ADD GENERATED BY DEFAULT AS IDENTITY (
    SEQUENCE NAME public.phan_anh_diemphananh_nguoi_xac_nhan_id_seq
    START WITH 1
    INCREMENT BY 1
    NO MINVALUE
    NO MAXVALUE
    CACHE 1
);


--
-- TOC entry 242 (class 1259 OID 18364)
-- Name: phan_anh_hinhanhphananh; Type: TABLE; Schema: public; Owner: postgres
--

CREATE TABLE public.phan_anh_hinhanhphananh (
    id bigint NOT NULL,
    hinh_anh character varying(100) NOT NULL,
    diem_phan_anh_id bigint NOT NULL
);


ALTER TABLE public.phan_anh_hinhanhphananh OWNER TO postgres;

--
-- TOC entry 241 (class 1259 OID 18363)
-- Name: phan_anh_hinhanhphananh_id_seq; Type: SEQUENCE; Schema: public; Owner: postgres
--

ALTER TABLE public.phan_anh_hinhanhphananh ALTER COLUMN id ADD GENERATED BY DEFAULT AS IDENTITY (
    SEQUENCE NAME public.phan_anh_hinhanhphananh_id_seq
    START WITH 1
    INCREMENT BY 1
    NO MINVALUE
    NO MAXVALUE
    CACHE 1
);


--
-- TOC entry 5119 (class 0 OID 18185)
-- Dependencies: 226
-- Data for Name: auth_group; Type: TABLE DATA; Schema: public; Owner: postgres
--

COPY public.auth_group (id, name) FROM stdin;
\.


--
-- TOC entry 5121 (class 0 OID 18195)
-- Dependencies: 228
-- Data for Name: auth_group_permissions; Type: TABLE DATA; Schema: public; Owner: postgres
--

COPY public.auth_group_permissions (id, group_id, permission_id) FROM stdin;
\.


--
-- TOC entry 5117 (class 0 OID 18175)
-- Dependencies: 224
-- Data for Name: auth_permission; Type: TABLE DATA; Schema: public; Owner: postgres
--

COPY public.auth_permission (id, name, content_type_id, codename) FROM stdin;
1	Can add log entry	1	add_logentry
2	Can change log entry	1	change_logentry
3	Can delete log entry	1	delete_logentry
4	Can view log entry	1	view_logentry
5	Can add permission	3	add_permission
6	Can change permission	3	change_permission
7	Can delete permission	3	delete_permission
8	Can view permission	3	view_permission
9	Can add group	2	add_group
10	Can change group	2	change_group
11	Can delete group	2	delete_group
12	Can view group	2	view_group
13	Can add user	4	add_user
14	Can change user	4	change_user
15	Can delete user	4	delete_user
16	Can view user	4	view_user
17	Can add content type	5	add_contenttype
18	Can change content type	5	change_contenttype
19	Can delete content type	5	delete_contenttype
20	Can view content type	5	view_contenttype
21	Can add session	6	add_session
22	Can change session	6	change_session
23	Can delete session	6	delete_session
24	Can view session	6	view_session
25	Can add diem phan anh	8	add_diemphananh
26	Can change diem phan anh	8	change_diemphananh
27	Can delete diem phan anh	8	delete_diemphananh
28	Can view diem phan anh	8	view_diemphananh
29	Can add binh luan	7	add_binhluan
30	Can change binh luan	7	change_binhluan
31	Can delete binh luan	7	delete_binhluan
32	Can view binh luan	7	view_binhluan
33	Can add hinh anh phan anh	9	add_hinhanhphananh
34	Can change hinh anh phan anh	9	change_hinhanhphananh
35	Can delete hinh anh phan anh	9	delete_hinhanhphananh
36	Can view hinh anh phan anh	9	view_hinhanhphananh
\.


--
-- TOC entry 5123 (class 0 OID 18204)
-- Dependencies: 230
-- Data for Name: auth_user; Type: TABLE DATA; Schema: public; Owner: postgres
--

COPY public.auth_user (id, password, last_login, is_superuser, username, first_name, last_name, email, is_staff, is_active, date_joined) FROM stdin;
11	pbkdf2_sha256$1200000$Fy5EryzIvhThGAsc0YcRu7$iqLWayIid8pUqUAct3rrV+fHb95Il4nmw0kl4rofkV4=	\N	f	khach1			khach1@gmail.com	f	t	2026-04-08 17:18:36.297606+07
12	pbkdf2_sha256$1200000$3QYQkDCdDaJr9y2FcvVRuS$/H5Zmrbb++xU62sMQI7jpqMEgMFMFTNmbTdEpY6QdEE=	\N	f	khach2			khach2@gmail.com	f	t	2026-04-08 17:18:36.717968+07
13	pbkdf2_sha256$1200000$MrPbX6Je3AwKbskkACDrjq$MCWEHrqfy+9EbojazGslSAlwKlsWFJfu0xvv+oFQJhI=	\N	f	khach3			khach3@gmail.com	f	t	2026-04-08 17:18:37.480375+07
14	pbkdf2_sha256$1200000$ekLNozuiNyfC3gpeSbWwnA$jsGjpgs/q1TnOoh4j5iKXt7evYwohFD2dyK7ULQiIkk=	2026-04-14 20:37:59.842308+07	f	khanhluong9			khanhluong060105@gmail.com	f	t	2026-04-14 20:37:50.956369+07
15	pbkdf2_sha256$1200000$cZPIOqFutZC4mexJXLhIX9$dVJjmXKa5LhTxyszAZ40/8wemSdpb/j1zwipHXZWxRI=	2026-04-14 21:35:52.771794+07	f	khanhluong1			1250080111@sv.hcmunre.edu.vn	f	t	2026-04-14 21:22:21.865519+07
16	pbkdf2_sha256$1200000$QQJMjwMNdbWSMKIR7pg3KE$mVeNXhJtHfQpTwtSrs4MqYcgBJpAkP3OCSxYd1J0CT4=	2026-04-14 21:49:02.782384+07	f	khanhluong2			khanhluong060105@gmail.com	f	t	2026-04-14 21:37:50.177046+07
5	pbkdf2_sha256$1200000$pYeyO7NeueD7bNjJT8atew$J4IxdqEpIP/ePZrMLNinY40A+leFMZgF6hI4kGAdqsA=	2026-04-08 17:18:51.600257+07	f	khanhluong12			khanhluong060105@gmail.com	f	t	2026-04-08 16:13:14.727873+07
17	pbkdf2_sha256$1200000$akWkbKIlXAyk9aQE06ARng$EEpy7QrUQU3IqvYOSE6fWAujP0eJAt5NaIyuO7pbtX0=	2026-04-22 12:59:08.187702+07	f	luong12			khanhluong060105@gmail.com	f	t	2026-04-14 22:07:05.530023+07
10	pbkdf2_sha256$1200000$OfoSlyKLc27coVlSXuQPNB$fRMkE5JTG0oeFqogQ382Hv5/BjERJw86KoEc7Rru/Ow=	2026-05-04 13:56:48.3863+07	t	admin1			admin@web.com	t	t	2026-04-08 17:18:35.88071+07
\.


--
-- TOC entry 5125 (class 0 OID 18223)
-- Dependencies: 232
-- Data for Name: auth_user_groups; Type: TABLE DATA; Schema: public; Owner: postgres
--

COPY public.auth_user_groups (id, user_id, group_id) FROM stdin;
\.


--
-- TOC entry 5127 (class 0 OID 18232)
-- Dependencies: 234
-- Data for Name: auth_user_user_permissions; Type: TABLE DATA; Schema: public; Owner: postgres
--

COPY public.auth_user_user_permissions (id, user_id, permission_id) FROM stdin;
\.


--
-- TOC entry 5129 (class 0 OID 18293)
-- Dependencies: 236
-- Data for Name: django_admin_log; Type: TABLE DATA; Schema: public; Owner: postgres
--

COPY public.django_admin_log (id, action_time, object_id, object_repr, action_flag, change_message, content_type_id, user_id) FROM stdin;
1	2026-04-15 14:18:02.808789+07	1170	Không có tiêu đề	3		8	10
2	2026-04-15 14:18:02.808819+07	1169	Không có tiêu đề	3		8	10
3	2026-04-15 14:18:02.808832+07	1168	Không có tiêu đề	3		8	10
4	2026-04-15 14:18:02.808842+07	1167	Không có tiêu đề	3		8	10
5	2026-04-15 14:18:02.808852+07	1166	Không có tiêu đề	3		8	10
6	2026-04-15 14:18:02.808863+07	1165	Không có tiêu đề	3		8	10
7	2026-04-15 14:18:02.808872+07	1164	Không có tiêu đề	3		8	10
8	2026-04-15 14:18:02.808881+07	1163	Không có tiêu đề	3		8	10
9	2026-04-15 14:18:02.808889+07	1162	Không có tiêu đề	3		8	10
10	2026-04-15 14:18:02.808898+07	1161	Không có tiêu đề	3		8	10
11	2026-04-15 14:18:02.808907+07	1160	Không có tiêu đề	3		8	10
12	2026-04-15 14:18:02.808915+07	1159	Không có tiêu đề	3		8	10
13	2026-04-15 14:18:02.808924+07	1158	Không có tiêu đề	3		8	10
14	2026-04-15 14:18:02.808932+07	1157	Không có tiêu đề	3		8	10
15	2026-04-15 14:18:02.80894+07	1156	Không có tiêu đề	3		8	10
16	2026-04-15 14:18:02.808951+07	1155	Không có tiêu đề	3		8	10
17	2026-04-15 14:18:02.80896+07	1154	Không có tiêu đề	3		8	10
18	2026-04-15 14:18:02.808969+07	1153	Không có tiêu đề	3		8	10
19	2026-04-15 14:18:02.808977+07	1152	Không có tiêu đề	3		8	10
20	2026-04-15 14:18:02.808985+07	1151	Không có tiêu đề	3		8	10
21	2026-04-15 14:18:02.808993+07	1150	Không có tiêu đề	3		8	10
22	2026-04-15 14:18:02.809001+07	1149	Không có tiêu đề	3		8	10
23	2026-04-15 14:18:02.80901+07	1148	Không có tiêu đề	3		8	10
24	2026-04-15 14:18:02.809018+07	1147	Không có tiêu đề	3		8	10
25	2026-04-15 14:18:02.809026+07	1146	Không có tiêu đề	3		8	10
26	2026-04-15 14:18:02.809035+07	1145	Không có tiêu đề	3		8	10
27	2026-04-15 14:18:02.809043+07	1144	Không có tiêu đề	3		8	10
28	2026-04-15 14:18:02.809051+07	1143	Không có tiêu đề	3		8	10
29	2026-04-15 14:18:02.809059+07	1142	Không có tiêu đề	3		8	10
30	2026-04-15 14:18:02.809067+07	1141	Không có tiêu đề	3		8	10
31	2026-04-15 14:18:02.809075+07	1140	Không có tiêu đề	3		8	10
32	2026-04-15 14:18:02.809083+07	1139	Không có tiêu đề	3		8	10
33	2026-04-15 14:18:02.809091+07	1138	Không có tiêu đề	3		8	10
34	2026-04-15 14:18:02.809099+07	1137	Không có tiêu đề	3		8	10
35	2026-04-15 14:18:02.809107+07	1136	Không có tiêu đề	3		8	10
36	2026-04-15 14:18:02.809114+07	1135	Không có tiêu đề	3		8	10
37	2026-04-15 14:18:02.809122+07	1134	Không có tiêu đề	3		8	10
38	2026-04-15 14:18:02.80913+07	1133	Không có tiêu đề	3		8	10
39	2026-04-15 14:18:02.80914+07	1132	Không có tiêu đề	3		8	10
40	2026-04-15 14:18:02.809152+07	1131	Không có tiêu đề	3		8	10
41	2026-04-15 14:18:02.80916+07	1130	Không có tiêu đề	3		8	10
42	2026-04-15 14:18:02.809169+07	1129	Không có tiêu đề	3		8	10
43	2026-04-15 14:18:02.809177+07	1128	Không có tiêu đề	3		8	10
44	2026-04-15 14:18:02.809186+07	1127	Không có tiêu đề	3		8	10
45	2026-04-15 14:18:02.809195+07	1126	Không có tiêu đề	3		8	10
46	2026-04-15 14:18:02.809204+07	1125	Không có tiêu đề	3		8	10
47	2026-04-15 14:18:02.809212+07	1124	Không có tiêu đề	3		8	10
48	2026-04-15 14:18:02.809221+07	1123	Không có tiêu đề	3		8	10
49	2026-04-15 14:18:02.809229+07	1122	Không có tiêu đề	3		8	10
50	2026-04-15 14:18:02.809237+07	1121	Không có tiêu đề	3		8	10
51	2026-04-15 14:18:02.809246+07	1120	Không có tiêu đề	3		8	10
52	2026-04-15 14:18:02.809255+07	1119	Không có tiêu đề	3		8	10
53	2026-04-15 14:18:02.809263+07	1118	Không có tiêu đề	3		8	10
54	2026-04-15 14:18:02.809272+07	1117	Không có tiêu đề	3		8	10
55	2026-04-15 14:18:02.80928+07	1116	Không có tiêu đề	3		8	10
56	2026-04-15 14:18:02.809288+07	1115	Không có tiêu đề	3		8	10
57	2026-04-15 14:18:02.809297+07	1114	Không có tiêu đề	3		8	10
58	2026-04-15 14:18:02.809306+07	1113	Không có tiêu đề	3		8	10
59	2026-04-15 14:18:02.809314+07	1112	Không có tiêu đề	3		8	10
60	2026-04-15 14:18:02.809322+07	1111	Không có tiêu đề	3		8	10
61	2026-04-15 14:18:02.80933+07	1110	Không có tiêu đề	3		8	10
62	2026-04-15 14:18:02.809338+07	1109	Không có tiêu đề	3		8	10
63	2026-04-15 14:18:02.809346+07	1108	Không có tiêu đề	3		8	10
64	2026-04-15 14:18:02.809354+07	1107	Không có tiêu đề	3		8	10
65	2026-04-15 14:18:02.809362+07	1106	Không có tiêu đề	3		8	10
66	2026-04-15 14:18:02.80937+07	1105	Không có tiêu đề	3		8	10
67	2026-04-15 14:18:02.809377+07	1104	Không có tiêu đề	3		8	10
68	2026-04-15 14:18:02.809385+07	1103	Không có tiêu đề	3		8	10
69	2026-04-15 14:18:02.809393+07	1102	Không có tiêu đề	3		8	10
70	2026-04-15 14:18:02.809401+07	1101	Không có tiêu đề	3		8	10
71	2026-04-15 14:18:02.809409+07	1100	Không có tiêu đề	3		8	10
72	2026-04-15 14:18:02.809417+07	1099	Không có tiêu đề	3		8	10
73	2026-04-15 14:18:02.809424+07	1098	Không có tiêu đề	3		8	10
74	2026-04-15 14:18:02.809432+07	1097	Không có tiêu đề	3		8	10
75	2026-04-15 14:18:02.80944+07	1096	Không có tiêu đề	3		8	10
76	2026-04-15 14:18:02.809448+07	1095	Không có tiêu đề	3		8	10
77	2026-04-15 14:18:02.809456+07	1094	Không có tiêu đề	3		8	10
78	2026-04-15 14:18:02.809464+07	1093	Không có tiêu đề	3		8	10
79	2026-04-15 14:18:02.809472+07	1092	Không có tiêu đề	3		8	10
80	2026-04-15 14:18:02.809479+07	1091	Không có tiêu đề	3		8	10
81	2026-04-15 14:18:02.809487+07	1090	Không có tiêu đề	3		8	10
82	2026-04-15 14:18:02.809495+07	1089	Không có tiêu đề	3		8	10
83	2026-04-15 14:18:02.809503+07	1088	Không có tiêu đề	3		8	10
84	2026-04-15 14:18:02.809511+07	1087	Không có tiêu đề	3		8	10
85	2026-04-15 14:18:02.809518+07	1086	Không có tiêu đề	3		8	10
86	2026-04-15 14:18:02.809526+07	1085	Không có tiêu đề	3		8	10
87	2026-04-15 14:18:02.809534+07	1084	Không có tiêu đề	3		8	10
88	2026-04-15 14:18:02.809542+07	1083	Không có tiêu đề	3		8	10
89	2026-04-15 14:18:02.809551+07	1082	Không có tiêu đề	3		8	10
90	2026-04-15 14:18:02.809559+07	1081	Không có tiêu đề	3		8	10
91	2026-04-15 14:18:02.809567+07	1080	Không có tiêu đề	3		8	10
92	2026-04-15 14:18:02.809575+07	1079	Không có tiêu đề	3		8	10
93	2026-04-15 14:18:02.809582+07	1078	Không có tiêu đề	3		8	10
94	2026-04-15 14:18:02.80959+07	1077	Không có tiêu đề	3		8	10
95	2026-04-15 14:18:02.809599+07	1076	Không có tiêu đề	3		8	10
96	2026-04-15 14:18:02.809606+07	1075	Không có tiêu đề	3		8	10
97	2026-04-15 14:18:02.809614+07	1074	Không có tiêu đề	3		8	10
98	2026-04-15 14:18:02.809622+07	1073	Không có tiêu đề	3		8	10
99	2026-04-15 14:18:02.80963+07	1072	Không có tiêu đề	3		8	10
100	2026-04-15 14:18:02.809637+07	1071	Không có tiêu đề	3		8	10
101	2026-04-15 14:18:09.153364+07	1070	Không có tiêu đề	3		8	10
102	2026-04-15 14:18:09.153394+07	1069	Không có tiêu đề	3		8	10
103	2026-04-15 14:18:09.153406+07	1068	Không có tiêu đề	3		8	10
104	2026-04-15 14:18:09.153415+07	1067	Không có tiêu đề	3		8	10
105	2026-04-15 14:18:09.153424+07	1066	Không có tiêu đề	3		8	10
106	2026-04-15 14:18:09.153437+07	1065	Không có tiêu đề	3		8	10
107	2026-04-15 14:18:09.153446+07	1064	Không có tiêu đề	3		8	10
108	2026-04-15 14:18:09.153454+07	1063	Không có tiêu đề	3		8	10
109	2026-04-15 14:18:09.153463+07	1062	Không có tiêu đề	3		8	10
110	2026-04-15 14:18:09.153471+07	1061	Không có tiêu đề	3		8	10
111	2026-04-15 14:18:09.15348+07	1060	Không có tiêu đề	3		8	10
112	2026-04-15 14:18:09.153488+07	1059	Không có tiêu đề	3		8	10
113	2026-04-15 14:18:09.153496+07	1058	Không có tiêu đề	3		8	10
114	2026-04-15 14:18:09.153504+07	1057	Không có tiêu đề	3		8	10
115	2026-04-15 14:18:09.153513+07	1056	Không có tiêu đề	3		8	10
116	2026-04-15 14:18:09.153521+07	1055	Không có tiêu đề	3		8	10
117	2026-04-15 14:18:09.153529+07	1054	Không có tiêu đề	3		8	10
118	2026-04-15 14:18:09.153538+07	1053	Không có tiêu đề	3		8	10
119	2026-04-15 14:18:09.153547+07	1052	Không có tiêu đề	3		8	10
120	2026-04-15 14:18:09.153557+07	1051	Không có tiêu đề	3		8	10
121	2026-04-15 14:18:09.153567+07	1050	Không có tiêu đề	3		8	10
122	2026-04-15 14:18:09.153575+07	1049	Không có tiêu đề	3		8	10
123	2026-04-15 14:18:09.153584+07	1048	Không có tiêu đề	3		8	10
124	2026-04-15 14:18:09.153592+07	1047	Không có tiêu đề	3		8	10
125	2026-04-15 14:18:09.153601+07	1046	Không có tiêu đề	3		8	10
126	2026-04-15 14:18:09.153609+07	1045	Không có tiêu đề	3		8	10
127	2026-04-15 14:18:09.153618+07	1044	Không có tiêu đề	3		8	10
128	2026-04-15 14:18:09.153626+07	1043	Không có tiêu đề	3		8	10
129	2026-04-15 14:18:09.153634+07	1042	Không có tiêu đề	3		8	10
130	2026-04-15 14:18:09.153642+07	1041	Không có tiêu đề	3		8	10
131	2026-04-15 14:18:09.15365+07	1040	Không có tiêu đề	3		8	10
132	2026-04-15 14:18:09.153659+07	1039	Không có tiêu đề	3		8	10
133	2026-04-15 14:18:09.153667+07	1038	Không có tiêu đề	3		8	10
134	2026-04-15 14:18:09.153675+07	1037	Không có tiêu đề	3		8	10
135	2026-04-15 14:18:09.153683+07	1036	Không có tiêu đề	3		8	10
136	2026-04-15 14:18:09.153692+07	1035	Không có tiêu đề	3		8	10
137	2026-04-15 14:18:09.153701+07	1034	Không có tiêu đề	3		8	10
138	2026-04-15 14:18:09.153709+07	1033	Không có tiêu đề	3		8	10
139	2026-04-15 14:18:09.153717+07	1032	Không có tiêu đề	3		8	10
140	2026-04-15 14:18:09.153726+07	1031	Không có tiêu đề	3		8	10
141	2026-04-15 14:18:09.153734+07	1030	Không có tiêu đề	3		8	10
142	2026-04-15 14:18:09.153743+07	1029	Không có tiêu đề	3		8	10
143	2026-04-15 14:18:09.153751+07	1028	Không có tiêu đề	3		8	10
144	2026-04-15 14:18:09.15376+07	1027	Không có tiêu đề	3		8	10
145	2026-04-15 14:18:09.153768+07	1026	Không có tiêu đề	3		8	10
146	2026-04-15 14:18:09.153777+07	1025	Không có tiêu đề	3		8	10
147	2026-04-15 14:18:09.153785+07	1024	Không có tiêu đề	3		8	10
148	2026-04-15 14:18:09.153794+07	1023	Không có tiêu đề	3		8	10
149	2026-04-15 14:18:09.153802+07	1022	Không có tiêu đề	3		8	10
150	2026-04-15 14:18:09.15381+07	1021	Không có tiêu đề	3		8	10
151	2026-04-15 14:18:09.153819+07	1020	Không có tiêu đề	3		8	10
152	2026-04-15 14:18:09.153827+07	1019	Không có tiêu đề	3		8	10
153	2026-04-15 14:18:09.153836+07	1018	Không có tiêu đề	3		8	10
154	2026-04-15 14:18:09.153844+07	1017	Không có tiêu đề	3		8	10
155	2026-04-15 14:18:09.153852+07	1016	Không có tiêu đề	3		8	10
156	2026-04-15 14:18:09.15386+07	1015	Không có tiêu đề	3		8	10
157	2026-04-15 14:18:09.153869+07	1014	Không có tiêu đề	3		8	10
158	2026-04-15 14:18:09.153878+07	1013	Không có tiêu đề	3		8	10
159	2026-04-15 14:18:09.153886+07	1012	Không có tiêu đề	3		8	10
160	2026-04-15 14:18:09.153894+07	1011	Không có tiêu đề	3		8	10
161	2026-04-15 14:18:09.153902+07	1010	Không có tiêu đề	3		8	10
162	2026-04-15 14:18:09.153911+07	1009	Không có tiêu đề	3		8	10
163	2026-04-15 14:18:09.153919+07	1008	Không có tiêu đề	3		8	10
164	2026-04-15 14:18:09.153927+07	1007	Không có tiêu đề	3		8	10
165	2026-04-15 14:18:09.153936+07	1006	Không có tiêu đề	3		8	10
166	2026-04-15 14:18:09.153944+07	1005	Không có tiêu đề	3		8	10
167	2026-04-15 14:18:09.153953+07	1004	Không có tiêu đề	3		8	10
168	2026-04-15 14:18:09.153961+07	1003	Không có tiêu đề	3		8	10
169	2026-04-15 14:18:09.153969+07	1002	Không có tiêu đề	3		8	10
170	2026-04-15 14:18:09.153977+07	1001	Không có tiêu đề	3		8	10
171	2026-04-15 14:18:09.153986+07	1000	Không có tiêu đề	3		8	10
172	2026-04-15 14:18:09.153994+07	999	Không có tiêu đề	3		8	10
173	2026-04-15 14:18:09.154002+07	998	Không có tiêu đề	3		8	10
174	2026-04-15 14:18:09.154011+07	997	Không có tiêu đề	3		8	10
175	2026-04-15 14:18:09.154019+07	996	Không có tiêu đề	3		8	10
176	2026-04-15 14:18:09.154027+07	995	Không có tiêu đề	3		8	10
177	2026-04-15 14:18:09.154035+07	994	Không có tiêu đề	3		8	10
178	2026-04-15 14:18:09.154044+07	993	Không có tiêu đề	3		8	10
179	2026-04-15 14:18:09.154052+07	992	Không có tiêu đề	3		8	10
180	2026-04-15 14:18:09.154061+07	991	Không có tiêu đề	3		8	10
181	2026-04-15 14:18:09.154069+07	990	Không có tiêu đề	3		8	10
182	2026-04-15 14:18:09.154077+07	989	Không có tiêu đề	3		8	10
183	2026-04-15 14:18:09.154086+07	988	Không có tiêu đề	3		8	10
184	2026-04-15 14:18:09.154094+07	987	Không có tiêu đề	3		8	10
185	2026-04-15 14:18:09.154102+07	986	Không có tiêu đề	3		8	10
186	2026-04-15 14:18:09.15411+07	985	Không có tiêu đề	3		8	10
187	2026-04-15 14:18:09.154119+07	984	Không có tiêu đề	3		8	10
188	2026-04-15 14:18:09.154127+07	983	Không có tiêu đề	3		8	10
189	2026-04-15 14:18:09.154137+07	982	Không có tiêu đề	3		8	10
190	2026-04-15 14:18:09.154146+07	981	Không có tiêu đề	3		8	10
191	2026-04-15 14:18:09.154155+07	980	Không có tiêu đề	3		8	10
192	2026-04-15 14:18:09.154164+07	979	Không có tiêu đề	3		8	10
193	2026-04-15 14:18:09.154172+07	978	Không có tiêu đề	3		8	10
194	2026-04-15 14:18:09.154181+07	977	Không có tiêu đề	3		8	10
195	2026-04-15 14:18:09.15419+07	976	Không có tiêu đề	3		8	10
196	2026-04-15 14:18:09.154198+07	975	Không có tiêu đề	3		8	10
197	2026-04-15 14:18:09.154207+07	974	Không có tiêu đề	3		8	10
198	2026-04-15 14:18:09.154216+07	973	Không có tiêu đề	3		8	10
199	2026-04-15 14:18:09.154224+07	972	Không có tiêu đề	3		8	10
200	2026-04-15 14:18:09.154233+07	971	Không có tiêu đề	3		8	10
201	2026-04-15 14:19:59.939817+07	1270	Không có tiêu đề	3		8	10
202	2026-04-15 14:19:59.939847+07	1269	Không có tiêu đề	3		8	10
203	2026-04-15 14:19:59.939859+07	1268	Không có tiêu đề	3		8	10
204	2026-04-15 14:19:59.939869+07	1267	Không có tiêu đề	3		8	10
205	2026-04-15 14:19:59.939879+07	1266	Không có tiêu đề	3		8	10
206	2026-04-15 14:19:59.939888+07	1265	Không có tiêu đề	3		8	10
207	2026-04-15 14:19:59.939897+07	1264	Không có tiêu đề	3		8	10
208	2026-04-15 14:19:59.939906+07	1263	Không có tiêu đề	3		8	10
209	2026-04-15 14:19:59.939915+07	1262	Không có tiêu đề	3		8	10
210	2026-04-15 14:19:59.939924+07	1261	Không có tiêu đề	3		8	10
211	2026-04-15 14:19:59.939933+07	1260	Không có tiêu đề	3		8	10
212	2026-04-15 14:19:59.939942+07	1259	Không có tiêu đề	3		8	10
213	2026-04-15 14:19:59.939951+07	1258	Không có tiêu đề	3		8	10
214	2026-04-15 14:19:59.93996+07	1257	Không có tiêu đề	3		8	10
215	2026-04-15 14:19:59.939969+07	1256	Không có tiêu đề	3		8	10
216	2026-04-15 14:19:59.939978+07	1255	Không có tiêu đề	3		8	10
217	2026-04-15 14:19:59.939987+07	1254	Không có tiêu đề	3		8	10
218	2026-04-15 14:19:59.939996+07	1253	Không có tiêu đề	3		8	10
219	2026-04-15 14:19:59.940005+07	1252	Không có tiêu đề	3		8	10
220	2026-04-15 14:19:59.940013+07	1251	Không có tiêu đề	3		8	10
221	2026-04-15 14:19:59.940022+07	1250	Không có tiêu đề	3		8	10
222	2026-04-15 14:19:59.940031+07	1249	Không có tiêu đề	3		8	10
223	2026-04-15 14:19:59.94004+07	1248	Không có tiêu đề	3		8	10
224	2026-04-15 14:19:59.940049+07	1247	Không có tiêu đề	3		8	10
225	2026-04-15 14:19:59.940058+07	1246	Không có tiêu đề	3		8	10
226	2026-04-15 14:19:59.940071+07	1245	Không có tiêu đề	3		8	10
227	2026-04-15 14:19:59.940081+07	1244	Không có tiêu đề	3		8	10
228	2026-04-15 14:19:59.940089+07	1243	Không có tiêu đề	3		8	10
229	2026-04-15 14:19:59.940098+07	1242	Không có tiêu đề	3		8	10
230	2026-04-15 14:19:59.940107+07	1241	Không có tiêu đề	3		8	10
231	2026-04-15 14:19:59.940116+07	1240	Không có tiêu đề	3		8	10
232	2026-04-15 14:19:59.940125+07	1239	Không có tiêu đề	3		8	10
233	2026-04-15 14:19:59.940134+07	1238	Không có tiêu đề	3		8	10
234	2026-04-15 14:19:59.940142+07	1237	Không có tiêu đề	3		8	10
235	2026-04-15 14:19:59.940151+07	1236	Không có tiêu đề	3		8	10
236	2026-04-15 14:19:59.940159+07	1235	Không có tiêu đề	3		8	10
237	2026-04-15 14:19:59.940168+07	1234	Không có tiêu đề	3		8	10
238	2026-04-15 14:19:59.940177+07	1233	Không có tiêu đề	3		8	10
239	2026-04-15 14:19:59.940185+07	1232	Không có tiêu đề	3		8	10
240	2026-04-15 14:19:59.940194+07	1231	Không có tiêu đề	3		8	10
241	2026-04-15 14:19:59.940204+07	1230	Không có tiêu đề	3		8	10
242	2026-04-15 14:19:59.940213+07	1229	Không có tiêu đề	3		8	10
243	2026-04-15 14:19:59.940222+07	1228	Không có tiêu đề	3		8	10
244	2026-04-15 14:19:59.940231+07	1227	Không có tiêu đề	3		8	10
245	2026-04-15 14:19:59.94024+07	1226	Không có tiêu đề	3		8	10
246	2026-04-15 14:19:59.940249+07	1225	Không có tiêu đề	3		8	10
247	2026-04-15 14:19:59.940259+07	1224	Không có tiêu đề	3		8	10
248	2026-04-15 14:19:59.940269+07	1223	Không có tiêu đề	3		8	10
249	2026-04-15 14:19:59.940278+07	1222	Không có tiêu đề	3		8	10
250	2026-04-15 14:19:59.940287+07	1221	Không có tiêu đề	3		8	10
251	2026-04-15 14:19:59.940297+07	1220	Không có tiêu đề	3		8	10
252	2026-04-15 14:19:59.940305+07	1219	Không có tiêu đề	3		8	10
253	2026-04-15 14:19:59.940314+07	1218	Không có tiêu đề	3		8	10
254	2026-04-15 14:19:59.940323+07	1217	Không có tiêu đề	3		8	10
255	2026-04-15 14:19:59.940332+07	1216	Không có tiêu đề	3		8	10
256	2026-04-15 14:19:59.940341+07	1215	Không có tiêu đề	3		8	10
257	2026-04-15 14:19:59.940353+07	1214	Không có tiêu đề	3		8	10
258	2026-04-15 14:19:59.940361+07	1213	Không có tiêu đề	3		8	10
259	2026-04-15 14:19:59.940369+07	1212	Không có tiêu đề	3		8	10
260	2026-04-15 14:19:59.940378+07	1211	Không có tiêu đề	3		8	10
261	2026-04-15 14:19:59.940386+07	1210	Không có tiêu đề	3		8	10
262	2026-04-15 14:19:59.940395+07	1209	Không có tiêu đề	3		8	10
263	2026-04-15 14:19:59.940403+07	1208	Không có tiêu đề	3		8	10
264	2026-04-15 14:19:59.940414+07	1207	Không có tiêu đề	3		8	10
265	2026-04-15 14:19:59.940422+07	1206	Không có tiêu đề	3		8	10
266	2026-04-15 14:19:59.94043+07	1205	Không có tiêu đề	3		8	10
267	2026-04-15 14:19:59.940438+07	1204	Không có tiêu đề	3		8	10
268	2026-04-15 14:19:59.940446+07	1203	Không có tiêu đề	3		8	10
269	2026-04-15 14:19:59.940455+07	1202	Không có tiêu đề	3		8	10
270	2026-04-15 14:19:59.940462+07	1201	Không có tiêu đề	3		8	10
271	2026-04-15 14:19:59.940471+07	1200	Không có tiêu đề	3		8	10
272	2026-04-15 14:19:59.940479+07	1199	Không có tiêu đề	3		8	10
273	2026-04-15 14:19:59.940487+07	1198	Không có tiêu đề	3		8	10
274	2026-04-15 14:19:59.940495+07	1197	Không có tiêu đề	3		8	10
275	2026-04-15 14:19:59.940503+07	1196	Không có tiêu đề	3		8	10
276	2026-04-15 14:19:59.940511+07	1195	Không có tiêu đề	3		8	10
277	2026-04-15 14:19:59.940518+07	1194	Không có tiêu đề	3		8	10
278	2026-04-15 14:19:59.940526+07	1193	Không có tiêu đề	3		8	10
279	2026-04-15 14:19:59.940535+07	1192	Không có tiêu đề	3		8	10
280	2026-04-15 14:19:59.940543+07	1191	Không có tiêu đề	3		8	10
281	2026-04-15 14:19:59.940551+07	1190	Không có tiêu đề	3		8	10
282	2026-04-15 14:19:59.940559+07	1189	Không có tiêu đề	3		8	10
283	2026-04-15 14:19:59.940566+07	1188	Không có tiêu đề	3		8	10
284	2026-04-15 14:19:59.940574+07	1187	Không có tiêu đề	3		8	10
285	2026-04-15 14:19:59.940582+07	1186	Không có tiêu đề	3		8	10
286	2026-04-15 14:19:59.94059+07	1185	Không có tiêu đề	3		8	10
287	2026-04-15 14:19:59.940598+07	1184	Không có tiêu đề	3		8	10
288	2026-04-15 14:19:59.940606+07	1183	Không có tiêu đề	3		8	10
289	2026-04-15 14:19:59.940614+07	1182	Không có tiêu đề	3		8	10
290	2026-04-15 14:19:59.940622+07	1181	Không có tiêu đề	3		8	10
291	2026-04-15 14:19:59.940629+07	1180	Không có tiêu đề	3		8	10
292	2026-04-15 14:19:59.940637+07	1179	Không có tiêu đề	3		8	10
293	2026-04-15 14:19:59.940645+07	1178	Không có tiêu đề	3		8	10
294	2026-04-15 14:19:59.940653+07	1177	Không có tiêu đề	3		8	10
295	2026-04-15 14:19:59.940661+07	1176	Không có tiêu đề	3		8	10
296	2026-04-15 14:19:59.940669+07	1175	Không có tiêu đề	3		8	10
297	2026-04-15 14:19:59.940677+07	1174	Không có tiêu đề	3		8	10
298	2026-04-15 14:19:59.940685+07	1173	Không có tiêu đề	3		8	10
299	2026-04-15 14:19:59.940693+07	1172	Không có tiêu đề	3		8	10
300	2026-04-15 14:19:59.940701+07	1171	Không có tiêu đề	3		8	10
301	2026-04-15 14:20:20.795784+07	970	Không có tiêu đề	3		8	10
302	2026-04-15 14:20:20.795884+07	969	Không có tiêu đề	3		8	10
303	2026-04-15 14:20:20.795897+07	968	Không có tiêu đề	3		8	10
304	2026-04-15 14:20:20.795907+07	967	Không có tiêu đề	3		8	10
305	2026-04-15 14:20:20.795919+07	966	Không có tiêu đề	3		8	10
306	2026-04-15 14:20:20.79593+07	965	Không có tiêu đề	3		8	10
307	2026-04-15 14:20:20.79594+07	964	Không có tiêu đề	3		8	10
308	2026-04-15 14:20:20.79595+07	963	Không có tiêu đề	3		8	10
309	2026-04-15 14:20:20.79596+07	962	Không có tiêu đề	3		8	10
310	2026-04-15 14:20:20.79597+07	961	Không có tiêu đề	3		8	10
311	2026-04-15 14:20:20.79598+07	960	Không có tiêu đề	3		8	10
312	2026-04-15 14:20:20.795989+07	959	Không có tiêu đề	3		8	10
313	2026-04-15 14:20:20.795999+07	958	Không có tiêu đề	3		8	10
314	2026-04-15 14:20:20.796009+07	957	Không có tiêu đề	3		8	10
315	2026-04-15 14:20:20.796019+07	956	Không có tiêu đề	3		8	10
\.


--
-- TOC entry 5115 (class 0 OID 18163)
-- Dependencies: 222
-- Data for Name: django_content_type; Type: TABLE DATA; Schema: public; Owner: postgres
--

COPY public.django_content_type (id, app_label, model) FROM stdin;
1	admin	logentry
2	auth	group
3	auth	permission
4	auth	user
5	contenttypes	contenttype
6	sessions	session
7	phan_anh	binhluan
8	phan_anh	diemphananh
9	phan_anh	hinhanhphananh
\.


--
-- TOC entry 5113 (class 0 OID 18151)
-- Dependencies: 220
-- Data for Name: django_migrations; Type: TABLE DATA; Schema: public; Owner: postgres
--

COPY public.django_migrations (id, app, name, applied) FROM stdin;
1	contenttypes	0001_initial	2026-04-08 16:04:58.386033+07
2	auth	0001_initial	2026-04-08 16:04:58.42158+07
3	admin	0001_initial	2026-04-08 16:04:58.432027+07
4	admin	0002_logentry_remove_auto_add	2026-04-08 16:04:58.435525+07
5	admin	0003_logentry_add_action_flag_choices	2026-04-08 16:04:58.43877+07
6	contenttypes	0002_remove_content_type_name	2026-04-08 16:04:58.451188+07
7	auth	0002_alter_permission_name_max_length	2026-04-08 16:04:58.45523+07
8	auth	0003_alter_user_email_max_length	2026-04-08 16:04:58.458954+07
9	auth	0004_alter_user_username_opts	2026-04-08 16:04:58.463151+07
10	auth	0005_alter_user_last_login_null	2026-04-08 16:04:58.467135+07
11	auth	0006_require_contenttypes_0002	2026-04-08 16:04:58.467983+07
12	auth	0007_alter_validators_add_error_messages	2026-04-08 16:04:58.471263+07
13	auth	0008_alter_user_username_max_length	2026-04-08 16:04:58.477715+07
14	auth	0009_alter_user_last_name_max_length	2026-04-08 16:04:58.481948+07
15	auth	0010_alter_group_name_max_length	2026-04-08 16:04:58.486347+07
16	auth	0011_update_proxy_permissions	2026-04-08 16:04:58.489588+07
17	auth	0012_alter_user_first_name_max_length	2026-04-08 16:04:58.493964+07
18	phan_anh	0001_initial	2026-04-08 16:04:58.520342+07
19	sessions	0001_initial	2026-04-08 16:04:58.52435+07
20	phan_anh	0002_remove_binhluan_sao_binhluan_hinh_anh_minh_chung_and_more	2026-04-14 21:16:58.115801+07
21	phan_anh	0003_remove_binhluan_loai_phan_hoi_and_more	2026-04-14 21:35:29.130535+07
22	phan_anh	0004_remove_diemphananh_nguoi_thich_and_more	2026-04-14 21:44:29.080039+07
23	phan_anh	0005_diemphananh_an_danh_alter_diemphananh_tieu_de	2026-04-14 22:39:46.961598+07
24	phan_anh	0006_diemphananh_dia_chi_diemphananh_nguoi_xac_nhan	2026-04-15 14:10:12.147079+07
25	phan_anh	0007_binhluan_is_flagged_binhluan_is_hidden	2026-04-22 13:01:25.758366+07
\.


--
-- TOC entry 5136 (class 0 OID 18396)
-- Dependencies: 243
-- Data for Name: django_session; Type: TABLE DATA; Schema: public; Owner: postgres
--

COPY public.django_session (session_key, session_data, expire_date) FROM stdin;
96bk0vfd00ndtmnrxhl5dob44npqul4m	.eJxVjLsOwjAMAP_FM4riOC86svMNkZMYUkCt1LQT4t9RpQ6w3p3uDYm3taWty5LGCgNggNMvzFyeMu2mPni6z6rM07qMWe2JOmxX17nK63K0f4PGvcEAsYQbmnOW6qy1ZJ0IIUeNhR1GEsc-ODKkPfpQKIutjCY77WMJFBg-X_CWNzk:1wCub2:ocxSiu_67e3pDQGhDoK2Je_fCJQQ-6I7Ckat6RNpmms	2026-04-29 14:23:36.297446+07
ggda2d6ifofbsi30x0ty9otl3t52xlgh	.eJxVjDEOwjAMAP_iGUVOS9zQkZ03RHHskAJKpaadEH9HlTrAene6N4S4rSVsTZcwCYxgEU6_kGN6at2NPGK9zybNdV0mNntiDtvMbRZ9XY_2b1BiKzCCp5RtPnvGHlEHp0IDY-zIO2TV6K2wzT7JhRW965wIZyZRZCLqET5fFyA4uQ:1wJnEW:PzeKvqZffij2o4g1SlRuTTXbu4MKScr1Ch399cKUhz0	2026-05-18 13:56:48.388449+07
\.


--
-- TOC entry 5133 (class 0 OID 18350)
-- Dependencies: 240
-- Data for Name: phan_anh_binhluan; Type: TABLE DATA; Schema: public; Owner: postgres
--

COPY public.phan_anh_binhluan (id, noi_dung, ngay_tao, nguoi_dung_id, diem_phan_anh_id, hinh_anh_minh_chung, is_flagged, is_hidden) FROM stdin;
470	Mong sớm giải quyết!	2026-04-08 17:18:38.276276+07	11	640	\N	f	f
471	Mong sớm giải quyết!	2026-04-08 17:18:38.282436+07	12	646	\N	f	f
472	Mong sớm giải quyết!	2026-04-08 17:18:38.283092+07	11	646	\N	f	f
473	Mong sớm giải quyết!	2026-04-08 17:18:38.285184+07	13	648	\N	f	f
474	Mong sớm giải quyết!	2026-04-08 17:18:38.286021+07	12	648	\N	f	f
475	Mong sớm giải quyết!	2026-04-08 17:18:38.288171+07	13	650	\N	f	f
476	Mong sớm giải quyết!	2026-04-08 17:18:38.288694+07	12	650	\N	f	f
477	Rất tốt!	2026-04-08 17:18:38.289452+07	11	651	\N	f	f
478	Rất tốt!	2026-04-08 17:18:38.290826+07	13	651	\N	f	f
479	Mong sớm giải quyết!	2026-04-08 17:18:38.291837+07	13	652	\N	f	f
480	Rất tốt!	2026-04-08 17:18:38.292997+07	13	653	\N	f	f
481	Rất tốt!	2026-04-08 17:18:38.295251+07	11	656	\N	f	f
482	Rất tốt!	2026-04-08 17:18:38.295575+07	12	656	\N	f	f
483	Mong sớm giải quyết!	2026-04-08 17:18:38.296172+07	12	657	\N	f	f
484	Mong sớm giải quyết!	2026-04-08 17:18:38.29694+07	13	658	\N	f	f
485	Mong sớm giải quyết!	2026-04-08 17:18:38.299026+07	11	661	\N	f	f
486	Mong sớm giải quyết!	2026-04-08 17:18:38.299443+07	12	661	\N	f	f
487	Mong sớm giải quyết!	2026-04-08 17:18:38.300329+07	12	662	\N	f	f
488	Rất tốt!	2026-04-08 17:18:38.301964+07	13	665	\N	f	f
489	Rất tốt!	2026-04-08 17:18:38.302223+07	11	665	\N	f	f
490	Mong sớm giải quyết!	2026-04-08 17:18:38.303188+07	11	667	\N	f	f
491	Mong sớm giải quyết!	2026-04-08 17:18:38.303859+07	11	668	\N	f	f
492	Mong sớm giải quyết!	2026-04-08 17:18:38.304104+07	12	668	\N	f	f
493	Mong sớm giải quyết!	2026-04-08 17:18:38.304577+07	11	669	\N	f	f
494	Mong sớm giải quyết!	2026-04-08 17:18:38.304787+07	12	669	\N	f	f
495	Rất tốt!	2026-04-08 17:18:38.305456+07	13	670	\N	f	f
496	Rất tốt!	2026-04-08 17:18:38.305681+07	11	670	\N	f	f
497	Mong sớm giải quyết!	2026-04-08 17:18:38.307006+07	12	674	\N	f	f
498	Mong sớm giải quyết!	2026-04-08 17:18:38.307367+07	11	674	\N	f	f
499	Mong sớm giải quyết!	2026-04-08 17:18:38.308091+07	13	675	\N	f	f
500	Mong sớm giải quyết!	2026-04-08 17:18:38.309906+07	11	681	\N	f	f
501	Mong sớm giải quyết!	2026-04-08 17:18:38.310365+07	12	682	\N	f	f
502	Mong sớm giải quyết!	2026-04-08 17:18:38.310711+07	13	682	\N	f	f
503	Rất tốt!	2026-04-08 17:18:38.311567+07	12	683	\N	f	f
504	Mong sớm giải quyết!	2026-04-08 17:18:38.314113+07	12	687	\N	f	f
505	Mong sớm giải quyết!	2026-04-08 17:18:38.314501+07	11	687	\N	f	f
506	Rất tốt!	2026-04-08 17:18:38.315461+07	12	689	\N	f	f
507	Rất tốt!	2026-04-08 17:18:38.315713+07	11	689	\N	f	f
508	Mong sớm giải quyết!	2026-04-08 17:18:38.316425+07	12	691	\N	f	f
509	Mong sớm giải quyết!	2026-04-08 17:18:38.316637+07	13	691	\N	f	f
510	Mong sớm giải quyết!	2026-04-08 17:18:38.317073+07	11	692	\N	f	f
511	Mong sớm giải quyết!	2026-04-08 17:18:38.317546+07	13	693	\N	f	f
512	Mong sớm giải quyết!	2026-04-08 17:18:38.31789+07	11	693	\N	f	f
513	Mong sớm giải quyết!	2026-04-08 17:18:38.318704+07	11	694	\N	f	f
514	Mong sớm giải quyết!	2026-04-08 17:18:38.319294+07	12	695	\N	f	f
515	Mong sớm giải quyết!	2026-04-08 17:18:38.320252+07	13	698	\N	f	f
516	Mong sớm giải quyết!	2026-04-08 17:18:38.320455+07	11	698	\N	f	f
517	Mong sớm giải quyết!	2026-04-08 17:18:38.322285+07	12	701	\N	f	f
518	Mong sớm giải quyết!	2026-04-08 17:18:38.322857+07	12	702	\N	f	f
519	Mong sớm giải quyết!	2026-04-08 17:18:38.3232+07	13	702	\N	f	f
520	Mong sớm giải quyết!	2026-04-08 17:18:38.323782+07	12	703	\N	f	f
521	Mong sớm giải quyết!	2026-04-08 17:18:38.324735+07	13	706	\N	f	f
522	Mong sớm giải quyết!	2026-04-08 17:18:38.324939+07	12	706	\N	f	f
523	Mong sớm giải quyết!	2026-04-08 17:18:38.325468+07	12	707	\N	f	f
524	Mong sớm giải quyết!	2026-04-08 17:18:38.326944+07	11	709	\N	f	f
525	Rất tốt!	2026-04-08 17:18:38.329534+07	11	714	\N	f	f
526	Rất tốt!	2026-04-08 17:18:38.330031+07	13	715	\N	f	f
527	Mong sớm giải quyết!	2026-04-08 17:18:38.331206+07	13	719	\N	f	f
528	Mong sớm giải quyết!	2026-04-08 17:18:38.331485+07	11	719	\N	f	f
529	Rất tốt!	2026-04-08 17:18:38.332827+07	13	721	\N	f	f
530	Rất tốt!	2026-04-08 17:18:38.333237+07	11	721	\N	f	f
531	Mong sớm giải quyết!	2026-04-08 17:18:38.334149+07	13	723	\N	f	f
532	Rất tốt!	2026-04-08 17:18:38.335404+07	13	726	\N	f	f
533	Rất tốt!	2026-04-08 17:18:38.335725+07	11	726	\N	f	f
534	Mong sớm giải quyết!	2026-04-08 17:18:38.336316+07	13	727	\N	f	f
535	Mong sớm giải quyết!	2026-04-08 17:18:38.336611+07	11	727	\N	f	f
536	Rất tốt!	2026-04-08 17:18:38.33799+07	13	731	\N	f	f
537	Mong sớm giải quyết!	2026-04-08 17:18:38.340469+07	13	736	\N	f	f
538	Mong sớm giải quyết!	2026-04-08 17:18:38.341227+07	12	737	\N	f	f
539	Mong sớm giải quyết!	2026-04-08 17:18:38.342166+07	12	738	\N	f	f
540	Mong sớm giải quyết!	2026-04-08 17:18:38.34258+07	11	738	\N	f	f
541	Mong sớm giải quyết!	2026-04-08 17:18:38.343406+07	11	739	\N	f	f
542	Mong sớm giải quyết!	2026-04-08 17:18:38.343716+07	13	739	\N	f	f
543	Mong sớm giải quyết!	2026-04-08 17:18:38.344512+07	13	741	\N	f	f
544	Mong sớm giải quyết!	2026-04-08 17:18:38.345038+07	11	742	\N	f	f
545	Mong sớm giải quyết!	2026-04-08 17:18:38.346585+07	12	745	\N	f	f
546	Mong sớm giải quyết!	2026-04-08 17:18:38.346952+07	11	745	\N	f	f
547	Mong sớm giải quyết!	2026-04-08 17:18:38.347782+07	11	746	\N	f	f
548	Rất tốt!	2026-04-08 17:18:38.350807+07	11	752	\N	f	f
549	Rất tốt!	2026-04-08 17:18:38.351041+07	13	752	\N	f	f
550	Mong sớm giải quyết!	2026-04-08 17:18:38.35286+07	12	757	\N	f	f
551	Rất tốt!	2026-04-08 17:18:38.354029+07	13	759	\N	f	f
552	Mong sớm giải quyết!	2026-04-08 17:18:38.354594+07	13	760	\N	f	f
553	Mong sớm giải quyết!	2026-04-08 17:18:38.354811+07	12	760	\N	f	f
554	Mong sớm giải quyết!	2026-04-08 17:18:38.355602+07	11	762	\N	f	f
555	Mong sớm giải quyết!	2026-04-08 17:18:38.355909+07	13	762	\N	f	f
556	Rất tốt!	2026-04-08 17:18:38.356704+07	13	763	\N	f	f
557	Mong sớm giải quyết!	2026-04-08 17:18:38.357402+07	13	764	\N	f	f
558	Mong sớm giải quyết!	2026-04-08 17:18:38.357656+07	11	764	\N	f	f
559	Rất tốt!	2026-04-08 17:18:38.358875+07	11	768	\N	f	f
560	Mong sớm giải quyết!	2026-04-08 17:18:38.359421+07	11	769	\N	f	f
561	Mong sớm giải quyết!	2026-04-08 17:18:38.35985+07	12	769	\N	f	f
562	Mong sớm giải quyết!	2026-04-08 17:18:38.361736+07	12	772	\N	f	f
563	Mong sớm giải quyết!	2026-04-08 17:18:38.362806+07	11	773	\N	f	f
564	Mong sớm giải quyết!	2026-04-08 17:18:38.363993+07	11	774	\N	f	f
565	Mong sớm giải quyết!	2026-04-08 17:18:38.36429+07	12	774	\N	f	f
566	Mong sớm giải quyết!	2026-04-08 17:18:38.364894+07	11	775	\N	f	f
567	Mong sớm giải quyết!	2026-04-08 17:18:38.365311+07	12	775	\N	f	f
568	Mong sớm giải quyết!	2026-04-08 17:18:38.365932+07	11	776	\N	f	f
569	Mong sớm giải quyết!	2026-04-08 17:18:38.366168+07	12	776	\N	f	f
570	Mong sớm giải quyết!	2026-04-08 17:18:38.366691+07	12	777	\N	f	f
571	Mong sớm giải quyết!	2026-04-08 17:18:38.367119+07	11	777	\N	f	f
572	Rất tốt!	2026-04-08 17:18:38.368036+07	13	778	\N	f	f
573	Rất tốt!	2026-04-08 17:18:38.36847+07	11	778	\N	f	f
574	Rất tốt!	2026-04-08 17:18:38.371694+07	12	785	\N	f	f
575	Mong sớm giải quyết!	2026-04-08 17:18:38.372477+07	11	787	\N	f	f
576	Mong sớm giải quyết!	2026-04-08 17:18:38.373322+07	11	788	\N	f	f
577	Mong sớm giải quyết!	2026-04-08 17:18:38.373657+07	12	788	\N	f	f
578	Rất tốt!	2026-04-08 17:18:38.374384+07	12	789	\N	f	f
579	Rất tốt!	2026-04-08 17:18:38.374651+07	11	789	\N	f	f
580	Rất tốt!	2026-04-08 17:18:38.375123+07	13	790	\N	f	f
581	Rất tốt!	2026-04-08 17:18:38.375334+07	12	790	\N	f	f
582	Rất tốt!	2026-04-08 17:18:38.37791+07	13	797	\N	f	f
583	Rất tốt!	2026-04-08 17:18:38.378147+07	12	797	\N	f	f
584	Mong sớm giải quyết!	2026-04-08 17:18:38.378632+07	11	798	\N	f	f
585	Rất tốt!	2026-04-08 17:18:38.379114+07	12	799	\N	f	f
586	Mong sớm giải quyết!	2026-04-08 17:18:38.380035+07	11	802	\N	f	f
587	Mong sớm giải quyết!	2026-04-08 17:18:38.380367+07	13	802	\N	f	f
588	Rất tốt!	2026-04-08 17:18:38.381054+07	11	803	\N	f	f
589	Mong sớm giải quyết!	2026-04-08 17:18:38.382356+07	13	806	\N	f	f
590	Mong sớm giải quyết!	2026-04-08 17:18:38.382722+07	11	806	\N	f	f
591	Mong sớm giải quyết!	2026-04-08 17:18:38.383951+07	13	807	\N	f	f
592	Mong sớm giải quyết!	2026-04-08 17:18:38.384813+07	11	808	\N	f	f
593	Rất tốt!	2026-04-08 17:18:38.386443+07	13	812	\N	f	f
594	Mong sớm giải quyết!	2026-04-08 17:18:38.38693+07	11	813	\N	f	f
595	Mong sớm giải quyết!	2026-04-08 17:18:38.387797+07	13	815	\N	f	f
596	Mong sớm giải quyết!	2026-04-08 17:18:38.388383+07	12	816	\N	f	f
597	Mong sớm giải quyết!	2026-04-08 17:18:38.388644+07	13	816	\N	f	f
598	Rất tốt!	2026-04-08 17:18:38.389199+07	12	817	\N	f	f
599	Rất tốt!	2026-04-08 17:18:38.389467+07	11	817	\N	f	f
600	Mong sớm giải quyết!	2026-04-08 17:18:38.39105+07	11	820	\N	f	f
601	Rất tốt!	2026-04-08 17:18:38.392264+07	12	823	\N	f	f
602	Rất tốt!	2026-04-08 17:18:38.393206+07	13	825	\N	f	f
603	Rất tốt!	2026-04-08 17:18:38.393597+07	11	825	\N	f	f
604	Mong sớm giải quyết!	2026-04-08 17:18:38.394191+07	13	826	\N	f	f
605	Mong sớm giải quyết!	2026-04-08 17:18:38.394416+07	11	826	\N	f	f
606	Mong sớm giải quyết!	2026-04-08 17:18:38.395411+07	12	829	\N	f	f
607	Mong sớm giải quyết!	2026-04-08 17:18:38.396883+07	13	833	\N	f	f
608	Mong sớm giải quyết!	2026-04-08 17:18:38.39769+07	13	834	\N	f	f
609	Mong sớm giải quyết!	2026-04-08 17:18:38.397942+07	12	834	\N	f	f
610	Mong sớm giải quyết!	2026-04-08 17:18:38.398454+07	13	835	\N	f	f
611	Mong sớm giải quyết!	2026-04-08 17:18:38.398723+07	12	835	\N	f	f
612	Rất tốt!	2026-04-08 17:18:38.39974+07	13	838	\N	f	f
613	Mong sớm giải quyết!	2026-04-08 17:18:38.400339+07	13	839	\N	f	f
614	Mong sớm giải quyết!	2026-04-08 17:18:38.401325+07	13	842	\N	f	f
615	Rất tốt!	2026-04-08 17:18:38.402376+07	11	845	\N	f	f
616	Rất tốt!	2026-04-08 17:18:38.403032+07	13	845	\N	f	f
617	Mong sớm giải quyết!	2026-04-08 17:18:38.404457+07	12	847	\N	f	f
618	Mong sớm giải quyết!	2026-04-08 17:18:38.40581+07	11	850	\N	f	f
619	Mong sớm giải quyết!	2026-04-08 17:18:38.40603+07	13	850	\N	f	f
620	Mong sớm giải quyết!	2026-04-08 17:18:38.406499+07	12	851	\N	f	f
621	Mong sớm giải quyết!	2026-04-08 17:18:38.407739+07	13	853	\N	f	f
622	Mong sớm giải quyết!	2026-04-08 17:18:38.408438+07	11	854	\N	f	f
623	Mong sớm giải quyết!	2026-04-08 17:18:38.408798+07	12	854	\N	f	f
624	Mong sớm giải quyết!	2026-04-08 17:18:38.410166+07	12	857	\N	f	f
625	Mong sớm giải quyết!	2026-04-08 17:18:38.412011+07	12	861	\N	f	f
626	Mong sớm giải quyết!	2026-04-08 17:18:38.41236+07	13	861	\N	f	f
627	Rất tốt!	2026-04-08 17:18:38.413112+07	11	862	\N	f	f
628	Mong sớm giải quyết!	2026-04-08 17:18:38.413869+07	11	863	\N	f	f
629	Mong sớm giải quyết!	2026-04-08 17:18:38.41415+07	13	863	\N	f	f
632	Rất tốt!	2026-04-08 17:18:38.416396+07	13	867	\N	f	f
633	Mong sớm giải quyết!	2026-04-08 17:18:38.417554+07	13	870	\N	f	f
634	Mong sớm giải quyết!	2026-04-08 17:18:38.417774+07	11	870	\N	f	f
635	Mong sớm giải quyết!	2026-04-08 17:18:38.418452+07	13	871	\N	f	f
636	Mong sớm giải quyết!	2026-04-08 17:18:38.418758+07	11	871	\N	f	f
637	Mong sớm giải quyết!	2026-04-08 17:18:38.419736+07	13	873	\N	f	f
638	Rất tốt!	2026-04-08 17:18:38.420373+07	11	874	\N	f	f
639	Mong sớm giải quyết!	2026-04-08 17:18:38.421205+07	11	876	\N	f	f
640	Mong sớm giải quyết!	2026-04-08 17:18:38.421421+07	13	876	\N	f	f
641	Mong sớm giải quyết!	2026-04-08 17:18:38.421899+07	13	877	\N	f	f
642	Mong sớm giải quyết!	2026-04-08 17:18:38.422106+07	11	877	\N	f	f
643	Mong sớm giải quyết!	2026-04-08 17:18:38.422564+07	13	878	\N	f	f
644	Mong sớm giải quyết!	2026-04-08 17:18:38.422777+07	11	878	\N	f	f
645	Rất tốt!	2026-04-08 17:18:38.424075+07	12	881	\N	f	f
646	Rất tốt!	2026-04-08 17:18:38.424391+07	13	881	\N	f	f
647	Mong sớm giải quyết!	2026-04-08 17:18:38.425621+07	12	884	\N	f	f
648	Mong sớm giải quyết!	2026-04-08 17:18:38.425967+07	11	884	\N	f	f
649	Mong sớm giải quyết!	2026-04-08 17:18:38.426715+07	11	885	\N	f	f
650	Mong sớm giải quyết!	2026-04-08 17:18:38.427071+07	12	885	\N	f	f
651	Rất tốt!	2026-04-08 17:18:38.427668+07	13	886	\N	f	f
652	Mong sớm giải quyết!	2026-04-08 17:18:38.428745+07	13	889	\N	f	f
653	Mong sớm giải quyết!	2026-04-08 17:18:38.428965+07	12	889	\N	f	f
654	Mong sớm giải quyết!	2026-04-08 17:18:38.430399+07	12	892	\N	f	f
655	Mong sớm giải quyết!	2026-04-08 17:18:38.431072+07	12	894	\N	f	f
656	Mong sớm giải quyết!	2026-04-08 17:18:38.432135+07	11	896	\N	f	f
657	Mong sớm giải quyết!	2026-04-08 17:18:38.432545+07	13	896	\N	f	f
658	Mong sớm giải quyết!	2026-04-08 17:18:38.43366+07	11	897	\N	f	f
659	Mong sớm giải quyết!	2026-04-08 17:18:38.434327+07	11	898	\N	f	f
660	Mong sớm giải quyết!	2026-04-08 17:18:38.435104+07	12	900	\N	f	f
661	Mong sớm giải quyết!	2026-04-08 17:18:38.435308+07	11	900	\N	f	f
662	Mong sớm giải quyết!	2026-04-08 17:18:38.437024+07	11	903	\N	f	f
663	Mong sớm giải quyết!	2026-04-08 17:18:38.437397+07	13	903	\N	f	f
664	Rất tốt!	2026-04-08 17:18:38.438365+07	12	904	\N	f	f
665	Mong sớm giải quyết!	2026-04-08 17:18:38.439129+07	13	905	\N	f	f
666	Mong sớm giải quyết!	2026-04-08 17:18:38.439501+07	11	905	\N	f	f
667	Rất tốt!	2026-04-08 17:18:38.441254+07	13	910	\N	f	f
668	Rất tốt!	2026-04-08 17:18:38.441946+07	13	912	\N	f	f
669	Rất tốt!	2026-04-08 17:18:38.442162+07	12	912	\N	f	f
670	Mong sớm giải quyết!	2026-04-08 17:18:38.443735+07	12	915	\N	f	f
671	Mong sớm giải quyết!	2026-04-08 17:18:38.444507+07	11	917	\N	f	f
672	Rất tốt!	2026-04-08 17:18:38.445475+07	13	920	\N	f	f
673	Mong sớm giải quyết!	2026-04-08 17:18:38.446077+07	11	921	\N	f	f
674	Mong sớm giải quyết!	2026-04-08 17:18:38.446418+07	13	921	\N	f	f
675	Rất tốt!	2026-04-08 17:18:38.447079+07	13	922	\N	f	f
676	Rất tốt!	2026-04-08 17:18:38.448061+07	11	924	\N	f	f
677	Rất tốt!	2026-04-08 17:18:38.448328+07	13	924	\N	f	f
678	Mong sớm giải quyết!	2026-04-08 17:18:38.448821+07	13	925	\N	f	f
679	Mong sớm giải quyết!	2026-04-08 17:18:38.449028+07	11	925	\N	f	f
680	Rất tốt!	2026-04-08 17:18:38.449702+07	11	926	\N	f	f
682	Rất tốt!	2026-04-08 17:18:38.450751+07	11	928	\N	f	f
683	Mong sớm giải quyết!	2026-04-08 17:18:38.451434+07	13	930	\N	f	f
684	Mong sớm giải quyết!	2026-04-08 17:18:38.451666+07	12	930	\N	f	f
685	Mong sớm giải quyết!	2026-04-08 17:18:38.452118+07	12	931	\N	f	f
686	Rất tốt!	2026-04-08 17:18:38.454875+07	13	936	\N	f	f
687	Mong sớm giải quyết!	2026-04-08 17:18:38.455887+07	11	939	\N	f	f
688	Mong sớm giải quyết!	2026-04-08 17:18:38.456344+07	13	940	\N	f	f
689	Rất tốt!	2026-04-08 17:18:38.458773+07	11	947	\N	f	f
690	Rất tốt!	2026-04-08 17:18:38.459043+07	13	947	\N	f	f
691	Rất tốt!	2026-04-08 17:18:38.45962+07	11	948	\N	f	f
692	Rất tốt!	2026-04-08 17:18:38.459915+07	12	948	\N	f	f
\.


--
-- TOC entry 5131 (class 0 OID 18334)
-- Dependencies: 238
-- Data for Name: phan_anh_diemphananh; Type: TABLE DATA; Schema: public; Owner: postgres
--

COPY public.phan_anh_diemphananh (id, tieu_de, quan_huyen, vi_do, kinh_do, trang_thai, ngay_bao_cao, ghi_chu, hinh_anh_xong, ngay_cap_nhat, nguoi_tao_id, mo_ta_chi_tiet, an_danh, dia_chi) FROM stdin;
634	Ổ gà nguy hiểm	Quận 1	10.79103902654805	106.71921051735283	Moi	2026-04-08 17:18:38.271699+07	Đã tiếp nhận.		2026-04-08 17:18:38.271939+07	11	\N	f	\N
635	Nắp cống bị bể	Quận 1	10.76433840375182	106.68806160471871	DaXuLy	2026-04-08 17:18:38.27321+07	Đã khắc phục hoàn tất.		2026-04-08 17:18:38.273377+07	11	\N	f	\N
636	Lấn chiếm vỉa hè	Quận 1	10.79429982440108	106.68749022271952	DangXuLy	2026-04-08 17:18:38.273865+07	Đã cử đội thi công.		2026-04-08 17:18:38.273969+07	11	\N	f	\N
637	Ổ gà nguy hiểm	Quận 1	10.771606925646845	106.67377143268246	DaXuLy	2026-04-08 17:18:38.274461+07	Đã khắc phục hoàn tất.		2026-04-08 17:18:38.274549+07	11	\N	f	\N
638	Nắp cống bị bể	Quận 1	10.793276650358923	106.6946046280935	ChoDuyet	2026-04-08 17:18:38.274958+07			2026-04-08 17:18:38.275045+07	11	\N	f	\N
639	Lấn chiếm vỉa hè	Quận 1	10.78933810211349	106.71177727823148	DaXuLy	2026-04-08 17:18:38.275396+07	Đã khắc phục hoàn tất.		2026-04-08 17:18:38.275482+07	11	\N	f	\N
640	Rác bốc mùi	Quận 1	10.775988256975252	106.69020143533525	Moi	2026-04-08 17:18:38.275771+07	Đã tiếp nhận.		2026-04-08 17:18:38.275869+07	11	\N	f	\N
641	Ngập nước	Quận 1	10.803615940333536	106.71594573784454	ChoDuyet	2026-04-08 17:18:38.277364+07			2026-04-08 17:18:38.277585+07	11	\N	f	\N
642	Lấn chiếm vỉa hè	Quận 1	10.761981764363867	106.7151057075141	DaXuLy	2026-04-08 17:18:38.278213+07	Đã khắc phục hoàn tất.		2026-04-08 17:18:38.27847+07	11	\N	f	\N
643	Ổ gà nguy hiểm	Quận 1	10.79002234880123	106.6877382085015	ChoDuyet	2026-04-08 17:18:38.279124+07			2026-04-08 17:18:38.279369+07	11	\N	f	\N
644	Ổ gà nguy hiểm	Quận 1	10.78799122402535	106.69447857591734	ChoDuyet	2026-04-08 17:18:38.280171+07			2026-04-08 17:18:38.280374+07	11	\N	f	\N
645	Đèn đường hỏng	Quận 1	10.792093826450026	106.68564567581323	DangXuLy	2026-04-08 17:18:38.281003+07	Đã cử đội thi công.		2026-04-08 17:18:38.281157+07	11	\N	f	\N
646	Cây ngã đổ	Quận 1	10.775592080203028	106.70438704368489	Moi	2026-04-08 17:18:38.281771+07	Đã tiếp nhận.		2026-04-08 17:18:38.281914+07	11	\N	f	\N
647	Rác bốc mùi	Quận 1	10.758434051662835	106.69958597896527	Moi	2026-04-08 17:18:38.283921+07	Đã tiếp nhận.		2026-04-08 17:18:38.284064+07	11	\N	f	\N
648	Rác bốc mùi	Quận 1	10.75954657783299	106.7245196233219	Moi	2026-04-08 17:18:38.28461+07	Đã tiếp nhận.		2026-04-08 17:18:38.284745+07	11	\N	f	\N
649	Nắp cống bị bể	Quận 1	10.769698781662221	106.69339331636262	Moi	2026-04-08 17:18:38.286768+07	Đã tiếp nhận.		2026-04-08 17:18:38.286931+07	11	\N	f	\N
650	Rác bốc mùi	Quận 1	10.798420140817825	106.70265081866677	DangXuLy	2026-04-08 17:18:38.287496+07	Đã cử đội thi công.		2026-04-08 17:18:38.28764+07	11	\N	f	\N
651	Rác bốc mùi	Quận 1	10.749986413778393	106.71916457976783	DaXuLy	2026-04-08 17:18:38.289057+07	Đã khắc phục hoàn tất.		2026-04-08 17:18:38.289155+07	11	\N	f	\N
652	Lấn chiếm vỉa hè	Quận 1	10.785601678192894	106.70099561394238	Moi	2026-04-08 17:18:38.29131+07	Đã tiếp nhận.		2026-04-08 17:18:38.291434+07	11	\N	f	\N
653	Tụ tập trái phép	Quận 1	10.787909628024396	106.70675358629713	DaXuLy	2026-04-08 17:18:38.292376+07	Đã khắc phục hoàn tất.		2026-04-08 17:18:38.292492+07	11	\N	f	\N
654	Cây ngã đổ	Quận 1	10.757304954433529	106.72159219658812	DangXuLy	2026-04-08 17:18:38.293639+07	Đã cử đội thi công.		2026-04-08 17:18:38.293852+07	11	\N	f	\N
655	Ổ gà nguy hiểm	Quận 1	10.775278335001152	106.68125495517971	ChoDuyet	2026-04-08 17:18:38.294316+07			2026-04-08 17:18:38.294445+07	11	\N	f	\N
656	Cây ngã đổ	Quận 1	10.776146946537375	106.6819494210918	DaXuLy	2026-04-08 17:18:38.294798+07	Đã khắc phục hoàn tất.		2026-04-08 17:18:38.294901+07	11	\N	f	\N
657	Cây ngã đổ	Quận 1	10.77712352232201	106.71370557505321	Moi	2026-04-08 17:18:38.295849+07	Đã tiếp nhận.		2026-04-08 17:18:38.295924+07	11	\N	f	\N
658	Lấn chiếm vỉa hè	Quận 1	10.770500870226368	106.71771296782741	DangXuLy	2026-04-08 17:18:38.296441+07	Đã cử đội thi công.		2026-04-08 17:18:38.296555+07	11	\N	f	\N
659	Cây ngã đổ	Quận 1	10.766168276585818	106.71154974952506	DangXuLy	2026-04-08 17:18:38.297446+07	Đã cử đội thi công.		2026-04-08 17:18:38.297597+07	11	\N	f	\N
660	Rác bốc mùi	Quận 1	10.792935125367652	106.71808297097257	ChoDuyet	2026-04-08 17:18:38.298026+07			2026-04-08 17:18:38.298169+07	11	\N	f	\N
661	Ổ gà nguy hiểm	Quận 1	10.795064544576672	106.68347011421662	DangXuLy	2026-04-08 17:18:38.298512+07	Đã cử đội thi công.		2026-04-08 17:18:38.298651+07	11	\N	f	\N
662	Ngập nước	Quận 1	10.766893404893217	106.7202815477591	Moi	2026-04-08 17:18:38.299862+07	Đã tiếp nhận.		2026-04-08 17:18:38.299977+07	11	\N	f	\N
663	Rác bốc mùi	Quận 1	10.770726719731178	106.69697225173823	DangXuLy	2026-04-08 17:18:38.30074+07	Đã cử đội thi công.		2026-04-08 17:18:38.300845+07	11	\N	f	\N
664	Ngập nước	Quận 1	10.779492011981032	106.70204637591009	Moi	2026-04-08 17:18:38.301279+07	Đã tiếp nhận.		2026-04-08 17:18:38.301372+07	11	\N	f	\N
665	Rác bốc mùi	Quận 1	10.768858239462073	106.68062871437377	DaXuLy	2026-04-08 17:18:38.301643+07	Đã khắc phục hoàn tất.		2026-04-08 17:18:38.301721+07	11	\N	f	\N
666	Nắp cống bị bể	Quận 1	10.766728151637063	106.68077497936792	DangXuLy	2026-04-08 17:18:38.302464+07	Đã cử đội thi công.		2026-04-08 17:18:38.302534+07	11	\N	f	\N
667	Lấn chiếm vỉa hè	Quận 1	10.757557623703171	106.70512289307099	Moi	2026-04-08 17:18:38.302769+07	Đã tiếp nhận.		2026-04-08 17:18:38.302845+07	11	\N	f	\N
668	Tụ tập trái phép	Quận 1	10.758413435856582	106.71604993368379	Moi	2026-04-08 17:18:38.303531+07	Đã tiếp nhận.		2026-04-08 17:18:38.303616+07	11	\N	f	\N
669	Rác bốc mùi	Quận 3	10.754211075321782	106.70859698237864	Moi	2026-04-08 17:18:38.304323+07	Đã tiếp nhận.		2026-04-08 17:18:38.304388+07	11	\N	f	\N
670	Tụ tập trái phép	Quận 3	10.780325021840822	106.7198364614991	DaXuLy	2026-04-08 17:18:38.305146+07	Đã khắc phục hoàn tất.		2026-04-08 17:18:38.305218+07	11	\N	f	\N
671	Rác bốc mùi	Quận 3	10.763643580688353	106.69349570066267	ChoDuyet	2026-04-08 17:18:38.30589+07			2026-04-08 17:18:38.305949+07	11	\N	f	\N
672	Rác bốc mùi	Quận 3	10.77312937084598	106.68119676689747	DangXuLy	2026-04-08 17:18:38.306141+07	Đã cử đội thi công.		2026-04-08 17:18:38.306201+07	11	\N	f	\N
673	Rác bốc mùi	Quận 3	10.78381401123438	106.67909141989908	DaXuLy	2026-04-08 17:18:38.306381+07	Đã khắc phục hoàn tất.		2026-04-08 17:18:38.306441+07	11	\N	f	\N
674	Ổ gà nguy hiểm	Quận 3	10.78647084946417	106.6672644763148	DangXuLy	2026-04-08 17:18:38.306629+07	Đã cử đội thi công.		2026-04-08 17:18:38.306713+07	11	\N	f	\N
675	Ổ gà nguy hiểm	Quận 3	10.813585070833678	106.66311532472244	DangXuLy	2026-04-08 17:18:38.307721+07	Đã cử đội thi công.		2026-04-08 17:18:38.307809+07	11	\N	f	\N
676	Nắp cống bị bể	Quận 3	10.773766326058071	106.69177227255328	DaXuLy	2026-04-08 17:18:38.308361+07	Đã khắc phục hoàn tất.		2026-04-08 17:18:38.308429+07	11	\N	f	\N
677	Cây ngã đổ	Quận 3	10.784236399970602	106.69691748826799	ChoDuyet	2026-04-08 17:18:38.308642+07			2026-04-08 17:18:38.308707+07	11	\N	f	\N
678	Nắp cống bị bể	Quận 3	10.778470060431012	106.68186609217237	ChoDuyet	2026-04-08 17:18:38.30891+07			2026-04-08 17:18:38.30897+07	11	\N	f	\N
679	Tụ tập trái phép	Quận 3	10.770603248066944	106.69075466414024	ChoDuyet	2026-04-08 17:18:38.309159+07			2026-04-08 17:18:38.30922+07	11	\N	f	\N
680	Nắp cống bị bể	Quận 3	10.774480260106827	106.67201435561388	ChoDuyet	2026-04-08 17:18:38.309404+07			2026-04-08 17:18:38.309465+07	11	\N	f	\N
681	Tụ tập trái phép	Quận 3	10.778296241109132	106.69851992426837	Moi	2026-04-08 17:18:38.30967+07	Đã tiếp nhận.		2026-04-08 17:18:38.309729+07	11	\N	f	\N
682	Tụ tập trái phép	Quận 3	10.77353329983607	106.68079636623929	Moi	2026-04-08 17:18:38.310118+07	Đã tiếp nhận.		2026-04-08 17:18:38.310177+07	11	\N	f	\N
683	Nắp cống bị bể	Quận 3	10.802550738439125	106.70664464889975	DaXuLy	2026-04-08 17:18:38.311063+07	Đã khắc phục hoàn tất.		2026-04-08 17:18:38.311206+07	11	\N	f	\N
684	Đèn đường hỏng	Quận 3	10.778832595964959	106.70259895236295	ChoDuyet	2026-04-08 17:18:38.312026+07			2026-04-08 17:18:38.312163+07	11	\N	f	\N
685	Ngập nước	Quận 3	10.747861515963693	106.66705407312658	DangXuLy	2026-04-08 17:18:38.312518+07	Đã cử đội thi công.		2026-04-08 17:18:38.31282+07	11	\N	f	\N
686	Đèn đường hỏng	Quận 3	10.779801152591894	106.67188293817398	DangXuLy	2026-04-08 17:18:38.313151+07	Đã cử đội thi công.		2026-04-08 17:18:38.313286+07	11	\N	f	\N
687	Rác bốc mùi	Quận 3	10.768314420668068	106.68247398646452	DangXuLy	2026-04-08 17:18:38.31369+07	Đã cử đội thi công.		2026-04-08 17:18:38.313776+07	11	\N	f	\N
688	Rác bốc mùi	Quận 3	10.779495779859605	106.70323732546424	ChoDuyet	2026-04-08 17:18:38.314792+07			2026-04-08 17:18:38.314865+07	11	\N	f	\N
689	Đèn đường hỏng	Quận 3	10.791029742218056	106.66956481991303	DaXuLy	2026-04-08 17:18:38.315134+07	Đã khắc phục hoàn tất.		2026-04-08 17:18:38.3152+07	11	\N	f	\N
690	Cây ngã đổ	Quận 3	10.781159386862406	106.67822981030939	DangXuLy	2026-04-08 17:18:38.315933+07	Đã cử đội thi công.		2026-04-08 17:18:38.315993+07	11	\N	f	\N
691	Tụ tập trái phép	Quận 3	10.752914028248435	106.66253596452486	DangXuLy	2026-04-08 17:18:38.316182+07	Đã cử đội thi công.		2026-04-08 17:18:38.31624+07	11	\N	f	\N
692	Ngập nước	Quận 3	10.803358869322972	106.70830852868694	Moi	2026-04-08 17:18:38.316838+07	Đã tiếp nhận.		2026-04-08 17:18:38.316898+07	11	\N	f	\N
693	Cây ngã đổ	Quận 3	10.77288703530579	106.66405695205594	DangXuLy	2026-04-08 17:18:38.31727+07	Đã cử đội thi công.		2026-04-08 17:18:38.317327+07	11	\N	f	\N
694	Cây ngã đổ	Quận 3	10.795712492511898	106.67302246542918	DangXuLy	2026-04-08 17:18:38.318296+07	Đã cử đội thi công.		2026-04-08 17:18:38.318386+07	11	\N	f	\N
695	Ổ gà nguy hiểm	Quận 3	10.775998169162854	106.67457838814859	DangXuLy	2026-04-08 17:18:38.318993+07	Đã cử đội thi công.		2026-04-08 17:18:38.319069+07	11	\N	f	\N
696	Tụ tập trái phép	Quận 3	10.77713246984413	106.66581118098964	Moi	2026-04-08 17:18:38.319531+07	Đã tiếp nhận.		2026-04-08 17:18:38.319595+07	11	\N	f	\N
697	Cây ngã đổ	Quận 3	10.808770126753046	106.68064206523542	ChoDuyet	2026-04-08 17:18:38.319781+07			2026-04-08 17:18:38.31984+07	11	\N	f	\N
698	Nắp cống bị bể	Quận 3	10.782825982280873	106.67746988832135	Moi	2026-04-08 17:18:38.320015+07	Đã tiếp nhận.		2026-04-08 17:18:38.320074+07	11	\N	f	\N
699	Rác bốc mùi	Quận 3	10.796598725931	106.64858684967015	Moi	2026-04-08 17:18:38.320951+07	Đã tiếp nhận.		2026-04-08 17:18:38.321039+07	11	\N	f	\N
700	Ổ gà nguy hiểm	Quận 3	10.793833507006187	106.68997152649473	ChoDuyet	2026-04-08 17:18:38.321515+07			2026-04-08 17:18:38.321636+07	11	\N	f	\N
701	Lấn chiếm vỉa hè	Quận 3	10.783298907777752	106.68103058543869	Moi	2026-04-08 17:18:38.321925+07	Đã tiếp nhận.		2026-04-08 17:18:38.322008+07	11	\N	f	\N
702	Đèn đường hỏng	Quận 3	10.784421689670005	106.69833164020172	DangXuLy	2026-04-08 17:18:38.322538+07	Đã cử đội thi công.		2026-04-08 17:18:38.322609+07	11	\N	f	\N
703	Nắp cống bị bể	Quận 3	10.78564369974369	106.70194685738637	Moi	2026-04-08 17:18:38.323483+07	Đã tiếp nhận.		2026-04-08 17:18:38.323555+07	11	\N	f	\N
704	Rác bốc mùi	Quận 5	10.750581890775853	106.66282844433933	DangXuLy	2026-04-08 17:18:38.324022+07	Đã cử đội thi công.		2026-04-08 17:18:38.324087+07	11	\N	f	\N
705	Cây ngã đổ	Quận 5	10.75216272403798	106.65458506142164	DangXuLy	2026-04-08 17:18:38.324272+07	Đã cử đội thi công.		2026-04-08 17:18:38.324334+07	11	\N	f	\N
706	Tụ tập trái phép	Quận 5	10.757806323155014	106.65796920343392	DangXuLy	2026-04-08 17:18:38.324506+07	Đã cử đội thi công.		2026-04-08 17:18:38.324563+07	11	\N	f	\N
707	Lấn chiếm vỉa hè	Quận 5	10.755099472650384	106.65818498865102	DangXuLy	2026-04-08 17:18:38.325137+07	Đã cử đội thi công.		2026-04-08 17:18:38.325197+07	11	\N	f	\N
708	Ngập nước	Quận 5	10.7441747541584	106.66267008634466	DangXuLy	2026-04-08 17:18:38.32587+07	Đã cử đội thi công.		2026-04-08 17:18:38.326011+07	11	\N	f	\N
709	Ngập nước	Quận 5	10.743105544196917	106.64389200399772	DangXuLy	2026-04-08 17:18:38.326434+07	Đã cử đội thi công.		2026-04-08 17:18:38.326577+07	11	\N	f	\N
710	Nắp cống bị bể	Quận 5	10.754474851954525	106.64533832895884	Moi	2026-04-08 17:18:38.32729+07	Đã tiếp nhận.		2026-04-08 17:18:38.327423+07	11	\N	f	\N
711	Ngập nước	Quận 5	10.777272000440266	106.68288960031312	ChoDuyet	2026-04-08 17:18:38.327859+07			2026-04-08 17:18:38.328018+07	11	\N	f	\N
712	Ổ gà nguy hiểm	Quận 5	10.765592749860382	106.65700910503024	ChoDuyet	2026-04-08 17:18:38.328402+07			2026-04-08 17:18:38.328523+07	11	\N	f	\N
713	Nắp cống bị bể	Quận 5	10.757532034886108	106.66441290116457	Moi	2026-04-08 17:18:38.328873+07	Đã tiếp nhận.		2026-04-08 17:18:38.32897+07	11	\N	f	\N
714	Nắp cống bị bể	Quận 5	10.775953661125158	106.6503459143069	DaXuLy	2026-04-08 17:18:38.329227+07	Đã khắc phục hoàn tất.		2026-04-08 17:18:38.329314+07	11	\N	f	\N
715	Đèn đường hỏng	Quận 5	10.758453702176286	106.65196404469181	DaXuLy	2026-04-08 17:18:38.329777+07	Đã khắc phục hoàn tất.		2026-04-08 17:18:38.329844+07	11	\N	f	\N
716	Nắp cống bị bể	Quận 5	10.766546583656092	106.68267793533529	DangXuLy	2026-04-08 17:18:38.330254+07	Đã cử đội thi công.		2026-04-08 17:18:38.330321+07	11	\N	f	\N
717	Ổ gà nguy hiểm	Quận 5	10.764697018355944	106.65139460961905	ChoDuyet	2026-04-08 17:18:38.330503+07			2026-04-08 17:18:38.330565+07	11	\N	f	\N
718	Lấn chiếm vỉa hè	Quận 5	10.785921890313434	106.65922433226822	DangXuLy	2026-04-08 17:18:38.330741+07	Đã cử đội thi công.		2026-04-08 17:18:38.3308+07	11	\N	f	\N
719	Rác bốc mùi	Quận 5	10.77048022840741	106.6365383684257	DangXuLy	2026-04-08 17:18:38.330969+07	Đã cử đội thi công.		2026-04-08 17:18:38.331026+07	11	\N	f	\N
720	Nắp cống bị bể	Quận 5	10.748591236994647	106.66538710959955	ChoDuyet	2026-04-08 17:18:38.331825+07			2026-04-08 17:18:38.331967+07	11	\N	f	\N
721	Rác bốc mùi	Quận 5	10.746726293263984	106.65918307933073	DaXuLy	2026-04-08 17:18:38.332371+07	Đã khắc phục hoàn tất.		2026-04-08 17:18:38.33251+07	11	\N	f	\N
722	Ổ gà nguy hiểm	Quận 5	10.765150684036536	106.67736691655219	Moi	2026-04-08 17:18:38.333551+07	Đã tiếp nhận.		2026-04-08 17:18:38.333613+07	11	\N	f	\N
723	Đèn đường hỏng	Quận 5	10.759890433847762	106.64957279967331	DangXuLy	2026-04-08 17:18:38.333865+07	Đã cử đội thi công.		2026-04-08 17:18:38.333927+07	11	\N	f	\N
724	Đèn đường hỏng	Quận 5	10.736967692815437	106.64224809879326	Moi	2026-04-08 17:18:38.334383+07	Đã tiếp nhận.		2026-04-08 17:18:38.334441+07	11	\N	f	\N
725	Đèn đường hỏng	Quận 5	10.768564147115988	106.63296579025501	ChoDuyet	2026-04-08 17:18:38.334701+07			2026-04-08 17:18:38.33478+07	11	\N	f	\N
726	Cây ngã đổ	Quận 5	10.760056136725574	106.66506255226913	DaXuLy	2026-04-08 17:18:38.335046+07	Đã khắc phục hoàn tất.		2026-04-08 17:18:38.335128+07	11	\N	f	\N
727	Rác bốc mùi	Quận 5	10.766596898499545	106.66834058802242	Moi	2026-04-08 17:18:38.336023+07	Đã tiếp nhận.		2026-04-08 17:18:38.336091+07	11	\N	f	\N
728	Rác bốc mùi	Quận 5	10.760628507394982	106.66465727392007	DangXuLy	2026-04-08 17:18:38.336909+07	Đã cử đội thi công.		2026-04-08 17:18:38.33698+07	11	\N	f	\N
729	Đèn đường hỏng	Quận 5	10.734031661645442	106.65567236500002	ChoDuyet	2026-04-08 17:18:38.337191+07			2026-04-08 17:18:38.337262+07	11	\N	f	\N
730	Tụ tập trái phép	Quận 5	10.77094774591499	106.64657657461304	DaXuLy	2026-04-08 17:18:38.33745+07	Đã khắc phục hoàn tất.		2026-04-08 17:18:38.337514+07	11	\N	f	\N
731	Tụ tập trái phép	Quận 5	10.779716601718395	106.6700562966117	DaXuLy	2026-04-08 17:18:38.337738+07	Đã khắc phục hoàn tất.		2026-04-08 17:18:38.3378+07	11	\N	f	\N
732	Ổ gà nguy hiểm	Quận 5	10.762782534486732	106.6564145964814	DaXuLy	2026-04-08 17:18:38.338253+07	Đã khắc phục hoàn tất.		2026-04-08 17:18:38.338388+07	11	\N	f	\N
733	Rác bốc mùi	Quận 5	10.774374358964739	106.68588072847271	ChoDuyet	2026-04-08 17:18:38.338661+07			2026-04-08 17:18:38.338793+07	11	\N	f	\N
734	Nắp cống bị bể	Quận 5	10.785691070090715	106.67758339264014	DangXuLy	2026-04-08 17:18:38.339134+07	Đã cử đội thi công.		2026-04-08 17:18:38.339269+07	11	\N	f	\N
735	Cây ngã đổ	Quận 5	10.785538339802226	106.68426396561462	DangXuLy	2026-04-08 17:18:38.339561+07	Đã cử đội thi công.		2026-04-08 17:18:38.339693+07	11	\N	f	\N
736	Tụ tập trái phép	Quận 5	10.759937586197399	106.6356190711858	DangXuLy	2026-04-08 17:18:38.34003+07	Đã cử đội thi công.		2026-04-08 17:18:38.34016+07	11	\N	f	\N
737	Cây ngã đổ	Quận 5	10.757522920077662	106.67296720648139	Moi	2026-04-08 17:18:38.340804+07	Đã tiếp nhận.		2026-04-08 17:18:38.340924+07	11	\N	f	\N
738	Lấn chiếm vỉa hè	Quận 5	10.761241406410972	106.64991759249988	Moi	2026-04-08 17:18:38.341668+07	Đã tiếp nhận.		2026-04-08 17:18:38.341811+07	11	\N	f	\N
739	Nắp cống bị bể	Quận 7	10.715763338278004	106.7180074016069	DangXuLy	2026-04-08 17:18:38.34299+07	Đã cử đội thi công.		2026-04-08 17:18:38.343072+07	11	\N	f	\N
740	Rác bốc mùi	Quận 7	10.742585893664524	106.72809352280184	ChoDuyet	2026-04-08 17:18:38.343983+07			2026-04-08 17:18:38.344054+07	11	\N	f	\N
741	Nắp cống bị bể	Quận 7	10.73051187220334	106.70789682225453	DangXuLy	2026-04-08 17:18:38.34426+07	Đã cử đội thi công.		2026-04-08 17:18:38.344323+07	11	\N	f	\N
742	Đèn đường hỏng	Quận 7	10.738806131901189	106.74685569804265	DangXuLy	2026-04-08 17:18:38.344771+07	Đã cử đội thi công.		2026-04-08 17:18:38.344842+07	11	\N	f	\N
743	Cây ngã đổ	Quận 7	10.731090827877859	106.72186382995636	DangXuLy	2026-04-08 17:18:38.34526+07	Đã cử đội thi công.		2026-04-08 17:18:38.345338+07	11	\N	f	\N
744	Cây ngã đổ	Quận 7	10.738639250299029	106.72717964356538	Moi	2026-04-08 17:18:38.345628+07	Đã tiếp nhận.		2026-04-08 17:18:38.345762+07	11	\N	f	\N
745	Đèn đường hỏng	Quận 7	10.742662929141352	106.7113283650611	DangXuLy	2026-04-08 17:18:38.346127+07	Đã cử đội thi công.		2026-04-08 17:18:38.346252+07	11	\N	f	\N
746	Đèn đường hỏng	Quận 7	10.717971270936651	106.7504282746134	Moi	2026-04-08 17:18:38.347306+07	Đã tiếp nhận.		2026-04-08 17:18:38.347434+07	11	\N	f	\N
747	Nắp cống bị bể	Quận 7	10.72609218205226	106.69115982516558	Moi	2026-04-08 17:18:38.348134+07	Đã tiếp nhận.		2026-04-08 17:18:38.348268+07	11	\N	f	\N
748	Ổ gà nguy hiểm	Quận 7	10.710473751612728	106.73910768539905	DangXuLy	2026-04-08 17:18:38.348834+07	Đã cử đội thi công.		2026-04-08 17:18:38.348967+07	11	\N	f	\N
749	Ngập nước	Quận 7	10.715413429764835	106.74288849774301	DangXuLy	2026-04-08 17:18:38.349439+07	Đã cử đội thi công.		2026-04-08 17:18:38.349566+07	11	\N	f	\N
750	Rác bốc mùi	Quận 7	10.689249546796407	106.71295296166555	ChoDuyet	2026-04-08 17:18:38.349874+07			2026-04-08 17:18:38.349962+07	11	\N	f	\N
751	Lấn chiếm vỉa hè	Quận 7	10.739468675224323	106.71989517288387	DaXuLy	2026-04-08 17:18:38.350241+07	Đã khắc phục hoàn tất.		2026-04-08 17:18:38.350314+07	11	\N	f	\N
752	Tụ tập trái phép	Quận 7	10.743302182196766	106.71503408373295	DaXuLy	2026-04-08 17:18:38.350539+07	Đã khắc phục hoàn tất.		2026-04-08 17:18:38.350604+07	11	\N	f	\N
753	Ngập nước	Quận 7	10.722941838286982	106.71766087355617	DaXuLy	2026-04-08 17:18:38.351253+07	Đã khắc phục hoàn tất.		2026-04-08 17:18:38.351313+07	11	\N	f	\N
754	Cây ngã đổ	Quận 7	10.703561086317963	106.70713327973104	DangXuLy	2026-04-08 17:18:38.351502+07	Đã cử đội thi công.		2026-04-08 17:18:38.35157+07	11	\N	f	\N
755	Đèn đường hỏng	Quận 7	10.732811798704555	106.71378950147061	Moi	2026-04-08 17:18:38.351753+07	Đã tiếp nhận.		2026-04-08 17:18:38.351816+07	11	\N	f	\N
756	Rác bốc mùi	Quận 7	10.730112605884393	106.7201093617023	ChoDuyet	2026-04-08 17:18:38.351993+07			2026-04-08 17:18:38.352111+07	11	\N	f	\N
757	Lấn chiếm vỉa hè	Quận 7	10.722450319700705	106.71724858040929	Moi	2026-04-08 17:18:38.352394+07	Đã tiếp nhận.		2026-04-08 17:18:38.352481+07	11	\N	f	\N
758	Tụ tập trái phép	Quận 7	10.732987887090191	106.74090491690777	DaXuLy	2026-04-08 17:18:38.353195+07	Đã khắc phục hoàn tất.		2026-04-08 17:18:38.35333+07	11	\N	f	\N
759	Nắp cống bị bể	Quận 7	10.733617219528181	106.73710046924488	DaXuLy	2026-04-08 17:18:38.353638+07	Đã khắc phục hoàn tất.		2026-04-08 17:18:38.353712+07	11	\N	f	\N
760	Cây ngã đổ	Quận 7	10.746350840916847	106.71389559611104	DangXuLy	2026-04-08 17:18:38.354314+07	Đã cử đội thi công.		2026-04-08 17:18:38.354386+07	11	\N	f	\N
761	Tụ tập trái phép	Quận 7	10.723460566017673	106.72795380346724	DaXuLy	2026-04-08 17:18:38.355015+07	Đã khắc phục hoàn tất.		2026-04-08 17:18:38.355075+07	11	\N	f	\N
762	Nắp cống bị bể	Quận 7	10.760234985912662	106.74218122411665	DangXuLy	2026-04-08 17:18:38.355263+07	Đã cử đội thi công.		2026-04-08 17:18:38.355322+07	11	\N	f	\N
763	Tụ tập trái phép	Quận 7	10.726228811685228	106.72142213910054	DaXuLy	2026-04-08 17:18:38.356218+07	Đã khắc phục hoàn tất.		2026-04-08 17:18:38.356349+07	11	\N	f	\N
764	Rác bốc mùi	Quận 7	10.743938419544998	106.72798192150921	Moi	2026-04-08 17:18:38.357058+07	Đã tiếp nhận.		2026-04-08 17:18:38.357138+07	11	\N	f	\N
765	Nắp cống bị bể	Quận 7	10.72373832099111	106.72804701265905	ChoDuyet	2026-04-08 17:18:38.357879+07			2026-04-08 17:18:38.357945+07	11	\N	f	\N
766	Ổ gà nguy hiểm	Quận 7	10.710559680522485	106.70993860202094	ChoDuyet	2026-04-08 17:18:38.358132+07			2026-04-08 17:18:38.358198+07	11	\N	f	\N
767	Đèn đường hỏng	Quận 7	10.750377883610204	106.7244757032132	ChoDuyet	2026-04-08 17:18:38.358393+07			2026-04-08 17:18:38.358457+07	11	\N	f	\N
768	Đèn đường hỏng	Quận 7	10.714424872224594	106.68555491338249	DaXuLy	2026-04-08 17:18:38.358636+07	Đã khắc phục hoàn tất.		2026-04-08 17:18:38.358695+07	11	\N	f	\N
769	Ổ gà nguy hiểm	Quận 7	10.751082427069905	106.74279163085546	DangXuLy	2026-04-08 17:18:38.359096+07	Đã cử đội thi công.		2026-04-08 17:18:38.359155+07	11	\N	f	\N
770	Đèn đường hỏng	Quận 7	10.747263746983993	106.71855661969344	DangXuLy	2026-04-08 17:18:38.360198+07	Đã cử đội thi công.		2026-04-08 17:18:38.360352+07	11	\N	f	\N
771	Tụ tập trái phép	Quận 7	10.711299691722132	106.70959720653846	DaXuLy	2026-04-08 17:18:38.360747+07	Đã khắc phục hoàn tất.		2026-04-08 17:18:38.360887+07	11	\N	f	\N
772	Ngập nước	Quận 7	10.742914765448559	106.72636809727982	DangXuLy	2026-04-08 17:18:38.361255+07	Đã cử đội thi công.		2026-04-08 17:18:38.36139+07	11	\N	f	\N
773	Nắp cống bị bể	Quận 7	10.734619259535863	106.72966844937835	DangXuLy	2026-04-08 17:18:38.362265+07	Đã cử đội thi công.		2026-04-08 17:18:38.362396+07	11	\N	f	\N
774	Tụ tập trái phép	Quận 10	10.761360335564339	106.65043455507912	Moi	2026-04-08 17:18:38.363212+07	Đã tiếp nhận.		2026-04-08 17:18:38.363482+07	11	\N	f	\N
775	Lấn chiếm vỉa hè	Quận 10	10.763307554808213	106.68940817904941	Moi	2026-04-08 17:18:38.364532+07	Đã tiếp nhận.		2026-04-08 17:18:38.364604+07	11	\N	f	\N
776	Rác bốc mùi	Quận 10	10.7852044164694	106.65265531892788	Moi	2026-04-08 17:18:38.365637+07	Đã tiếp nhận.		2026-04-08 17:18:38.365706+07	11	\N	f	\N
777	Đèn đường hỏng	Quận 10	10.763776315106	106.65301135633644	Moi	2026-04-08 17:18:38.366379+07	Đã tiếp nhận.		2026-04-08 17:18:38.366444+07	11	\N	f	\N
778	Lấn chiếm vỉa hè	Quận 10	10.779689153400286	106.66269144464076	DaXuLy	2026-04-08 17:18:38.36748+07	Đã khắc phục hoàn tất.		2026-04-08 17:18:38.367629+07	11	\N	f	\N
779	Đèn đường hỏng	Quận 10	10.797668221538673	106.68212851998955	ChoDuyet	2026-04-08 17:18:38.36893+07			2026-04-08 17:18:38.369084+07	11	\N	f	\N
780	Rác bốc mùi	Quận 10	10.777284278631326	106.66443054765467	ChoDuyet	2026-04-08 17:18:38.369701+07			2026-04-08 17:18:38.369786+07	11	\N	f	\N
781	Rác bốc mùi	Quận 10	10.786416200482206	106.67017608706776	DangXuLy	2026-04-08 17:18:38.370095+07	Đã cử đội thi công.		2026-04-08 17:18:38.370243+07	11	\N	f	\N
782	Lấn chiếm vỉa hè	Quận 10	10.785790636173235	106.65457714272729	DangXuLy	2026-04-08 17:18:38.370553+07	Đã cử đội thi công.		2026-04-08 17:18:38.370633+07	11	\N	f	\N
783	Ổ gà nguy hiểm	Quận 10	10.749095418772525	106.66297282505917	ChoDuyet	2026-04-08 17:18:38.370941+07			2026-04-08 17:18:38.371007+07	11	\N	f	\N
784	Nắp cống bị bể	Quận 10	10.78888445194278	106.67851858635272	Moi	2026-04-08 17:18:38.371219+07	Đã tiếp nhận.		2026-04-08 17:18:38.371279+07	11	\N	f	\N
785	Đèn đường hỏng	Quận 10	10.778406808862321	106.66802054054551	DaXuLy	2026-04-08 17:18:38.371461+07	Đã khắc phục hoàn tất.		2026-04-08 17:18:38.371519+07	11	\N	f	\N
786	Tụ tập trái phép	Quận 10	10.780386300893209	106.65808449815238	Moi	2026-04-08 17:18:38.371935+07	Đã tiếp nhận.		2026-04-08 17:18:38.372+07	11	\N	f	\N
787	Rác bốc mùi	Quận 10	10.765542659124707	106.65668077456586	DangXuLy	2026-04-08 17:18:38.372232+07	Đã cử đội thi công.		2026-04-08 17:18:38.372295+07	11	\N	f	\N
788	Lấn chiếm vỉa hè	Quận 10	10.767822623302843	106.64746802458922	DangXuLy	2026-04-08 17:18:38.372711+07	Đã cử đội thi công.		2026-04-08 17:18:38.372846+07	11	\N	f	\N
789	Đèn đường hỏng	Quận 10	10.773470607988	106.65330675692867	DaXuLy	2026-04-08 17:18:38.37405+07	Đã khắc phục hoàn tất.		2026-04-08 17:18:38.374125+07	11	\N	f	\N
790	Đèn đường hỏng	Quận 10	10.795146763703103	106.67435919643232	DaXuLy	2026-04-08 17:18:38.374868+07	Đã khắc phục hoàn tất.		2026-04-08 17:18:38.37493+07	11	\N	f	\N
791	Tụ tập trái phép	Quận 10	10.790158350462647	106.66018391212664	DangXuLy	2026-04-08 17:18:38.37554+07	Đã cử đội thi công.		2026-04-08 17:18:38.375603+07	11	\N	f	\N
792	Đèn đường hỏng	Quận 10	10.772272578394862	106.67476330892517	DangXuLy	2026-04-08 17:18:38.375784+07	Đã cử đội thi công.		2026-04-08 17:18:38.375846+07	11	\N	f	\N
793	Ổ gà nguy hiểm	Quận 10	10.800137635199615	106.67075744155837	Moi	2026-04-08 17:18:38.376023+07	Đã tiếp nhận.		2026-04-08 17:18:38.376088+07	11	\N	f	\N
794	Ổ gà nguy hiểm	Quận 10	10.80237619891503	106.66284799900254	DangXuLy	2026-04-08 17:18:38.376321+07	Đã cử đội thi công.		2026-04-08 17:18:38.376425+07	11	\N	f	\N
795	Nắp cống bị bể	Quận 10	10.748725372292464	106.69181064160219	ChoDuyet	2026-04-08 17:18:38.376822+07			2026-04-08 17:18:38.37694+07	11	\N	f	\N
796	Lấn chiếm vỉa hè	Quận 10	10.79075387146369	106.67870354047942	ChoDuyet	2026-04-08 17:18:38.377244+07			2026-04-08 17:18:38.377329+07	11	\N	f	\N
797	Cây ngã đổ	Quận 10	10.761772585324362	106.68195000542129	DaXuLy	2026-04-08 17:18:38.377603+07	Đã khắc phục hoàn tất.		2026-04-08 17:18:38.377679+07	11	\N	f	\N
798	Ngập nước	Quận 10	10.791388783753614	106.67575277171571	DangXuLy	2026-04-08 17:18:38.378366+07	Đã cử đội thi công.		2026-04-08 17:18:38.37843+07	11	\N	f	\N
799	Nắp cống bị bể	Quận 10	10.786530715566071	106.66701186662857	DaXuLy	2026-04-08 17:18:38.378866+07	Đã khắc phục hoàn tất.		2026-04-08 17:18:38.37893+07	11	\N	f	\N
800	Ổ gà nguy hiểm	Quận 10	10.770421202044988	106.6748000475632	Moi	2026-04-08 17:18:38.379327+07	Đã tiếp nhận.		2026-04-08 17:18:38.379386+07	11	\N	f	\N
801	Nắp cống bị bể	Quận 10	10.77102399369672	106.66586491179498	DangXuLy	2026-04-08 17:18:38.379563+07	Đã cử đội thi công.		2026-04-08 17:18:38.379622+07	11	\N	f	\N
802	Tụ tập trái phép	Quận 10	10.77699682018801	106.6689068432332	Moi	2026-04-08 17:18:38.379792+07	Đã tiếp nhận.		2026-04-08 17:18:38.379851+07	11	\N	f	\N
803	Ổ gà nguy hiểm	Quận 10	10.761964419190948	106.66682056771067	DaXuLy	2026-04-08 17:18:38.380692+07	Đã khắc phục hoàn tất.		2026-04-08 17:18:38.380786+07	11	\N	f	\N
804	Ổ gà nguy hiểm	Quận 10	10.744476180223344	106.6709655534517	ChoDuyet	2026-04-08 17:18:38.381305+07			2026-04-08 17:18:38.381384+07	11	\N	f	\N
805	Ngập nước	Quận 10	10.768241942085194	106.6811606083409	ChoDuyet	2026-04-08 17:18:38.381636+07			2026-04-08 17:18:38.381703+07	11	\N	f	\N
806	Ổ gà nguy hiểm	Quận 10	10.75693063779447	106.69895035723535	Moi	2026-04-08 17:18:38.38197+07	Đã tiếp nhận.		2026-04-08 17:18:38.38205+07	11	\N	f	\N
807	Ngập nước	Quận 10	10.76376884836362	106.6893810097872	Moi	2026-04-08 17:18:38.383236+07	Đã tiếp nhận.		2026-04-08 17:18:38.383337+07	11	\N	f	\N
808	Nắp cống bị bể	Quận 10	10.775059657472408	106.67004728662658	DangXuLy	2026-04-08 17:18:38.384339+07	Đã cử đội thi công.		2026-04-08 17:18:38.384438+07	11	\N	f	\N
809	Đèn đường hỏng	Bình Thạnh	10.81187508126964	106.69138454502297	Moi	2026-04-08 17:18:38.385148+07	Đã tiếp nhận.		2026-04-08 17:18:38.385234+07	11	\N	f	\N
810	Rác bốc mùi	Bình Thạnh	10.776040919693708	106.72404651920498	DaXuLy	2026-04-08 17:18:38.385542+07	Đã khắc phục hoàn tất.		2026-04-08 17:18:38.385629+07	11	\N	f	\N
811	Rác bốc mùi	Bình Thạnh	10.801895787304582	106.71219176426418	ChoDuyet	2026-04-08 17:18:38.385878+07			2026-04-08 17:18:38.385954+07	11	\N	f	\N
812	Nắp cống bị bể	Bình Thạnh	10.811495914392765	106.71849948578192	DaXuLy	2026-04-08 17:18:38.386172+07	Đã khắc phục hoàn tất.		2026-04-08 17:18:38.386242+07	11	\N	f	\N
813	Ổ gà nguy hiểm	Bình Thạnh	10.79548469146098	106.70988419571573	DangXuLy	2026-04-08 17:18:38.38668+07	Đã cử đội thi công.		2026-04-08 17:18:38.386742+07	11	\N	f	\N
814	Ngập nước	Bình Thạnh	10.808633373070684	106.72094254773288	DaXuLy	2026-04-08 17:18:38.38715+07	Đã khắc phục hoàn tất.		2026-04-08 17:18:38.38724+07	11	\N	f	\N
815	Tụ tập trái phép	Bình Thạnh	10.790663553503736	106.68858956812201	Moi	2026-04-08 17:18:38.38747+07	Đã tiếp nhận.		2026-04-08 17:18:38.387571+07	11	\N	f	\N
816	Lấn chiếm vỉa hè	Bình Thạnh	10.798259490348974	106.73367123802255	DangXuLy	2026-04-08 17:18:38.388073+07	Đã cử đội thi công.		2026-04-08 17:18:38.388167+07	11	\N	f	\N
817	Cây ngã đổ	Bình Thạnh	10.783838291819562	106.71208802656817	DaXuLy	2026-04-08 17:18:38.388898+07	Đã khắc phục hoàn tất.		2026-04-08 17:18:38.388987+07	11	\N	f	\N
818	Rác bốc mùi	Bình Thạnh	10.816014393125737	106.72342695864478	DangXuLy	2026-04-08 17:18:38.389723+07	Đã cử đội thi công.		2026-04-08 17:18:38.389816+07	11	\N	f	\N
819	Lấn chiếm vỉa hè	Bình Thạnh	10.808220384402652	106.68294145008056	ChoDuyet	2026-04-08 17:18:38.390042+07			2026-04-08 17:18:38.390187+07	11	\N	f	\N
820	Lấn chiếm vỉa hè	Bình Thạnh	10.833925705997212	106.70227434588615	Moi	2026-04-08 17:18:38.390483+07	Đã tiếp nhận.		2026-04-08 17:18:38.39067+07	11	\N	f	\N
821	Cây ngã đổ	Bình Thạnh	10.8043625180952	106.73511734553712	DaXuLy	2026-04-08 17:18:38.391406+07	Đã khắc phục hoàn tất.		2026-04-08 17:18:38.391493+07	11	\N	f	\N
822	Ổ gà nguy hiểm	Bình Thạnh	10.81867536409868	106.69237588304256	ChoDuyet	2026-04-08 17:18:38.391732+07			2026-04-08 17:18:38.391805+07	11	\N	f	\N
823	Đèn đường hỏng	Bình Thạnh	10.791566223221533	106.72569676638982	DaXuLy	2026-04-08 17:18:38.392011+07	Đã khắc phục hoàn tất.		2026-04-08 17:18:38.392075+07	11	\N	f	\N
824	Rác bốc mùi	Bình Thạnh	10.818327527284584	106.70158484877234	ChoDuyet	2026-04-08 17:18:38.392481+07			2026-04-08 17:18:38.392544+07	11	\N	f	\N
825	Rác bốc mùi	Bình Thạnh	10.800279597853924	106.71115169915178	DaXuLy	2026-04-08 17:18:38.392727+07	Đã khắc phục hoàn tất.		2026-04-08 17:18:38.39279+07	11	\N	f	\N
826	Cây ngã đổ	Bình Thạnh	10.791674918380277	106.67827996066535	Moi	2026-04-08 17:18:38.393899+07	Đã tiếp nhận.		2026-04-08 17:18:38.393967+07	11	\N	f	\N
827	Lấn chiếm vỉa hè	Bình Thạnh	10.802633872193582	106.7144559698218	DangXuLy	2026-04-08 17:18:38.394625+07	Đã cử đội thi công.		2026-04-08 17:18:38.394689+07	11	\N	f	\N
828	Ngập nước	Bình Thạnh	10.799853749780647	106.74469021783113	DangXuLy	2026-04-08 17:18:38.394884+07	Đã cử đội thi công.		2026-04-08 17:18:38.394948+07	11	\N	f	\N
829	Nắp cống bị bể	Bình Thạnh	10.821909077657233	106.70005052341318	DangXuLy	2026-04-08 17:18:38.395135+07	Đã cử đội thi công.		2026-04-08 17:18:38.395197+07	11	\N	f	\N
830	Cây ngã đổ	Bình Thạnh	10.825980469596747	106.70020184070799	DangXuLy	2026-04-08 17:18:38.395655+07	Đã cử đội thi công.		2026-04-08 17:18:38.395742+07	11	\N	f	\N
831	Cây ngã đổ	Bình Thạnh	10.813734279901821	106.68445567360685	Moi	2026-04-08 17:18:38.395969+07	Đã tiếp nhận.		2026-04-08 17:18:38.396053+07	11	\N	f	\N
832	Ổ gà nguy hiểm	Bình Thạnh	10.793495072190067	106.69678738067257	DangXuLy	2026-04-08 17:18:38.396263+07	Đã cử đội thi công.		2026-04-08 17:18:38.396347+07	11	\N	f	\N
833	Ổ gà nguy hiểm	Bình Thạnh	10.819488169840392	106.73291248166352	DangXuLy	2026-04-08 17:18:38.396566+07	Đã cử đội thi công.		2026-04-08 17:18:38.396658+07	11	\N	f	\N
834	Lấn chiếm vỉa hè	Bình Thạnh	10.843398864915887	106.72431989499216	DangXuLy	2026-04-08 17:18:38.397299+07	Đã cử đội thi công.		2026-04-08 17:18:38.397392+07	11	\N	f	\N
835	Tụ tập trái phép	Bình Thạnh	10.823901278633256	106.70163935173325	DangXuLy	2026-04-08 17:18:38.398169+07	Đã cử đội thi công.		2026-04-08 17:18:38.398235+07	11	\N	f	\N
836	Lấn chiếm vỉa hè	Bình Thạnh	10.820336126389751	106.68972348267866	Moi	2026-04-08 17:18:38.398948+07	Đã tiếp nhận.		2026-04-08 17:18:38.399008+07	11	\N	f	\N
837	Lấn chiếm vỉa hè	Bình Thạnh	10.793907979266061	106.71172105523517	ChoDuyet	2026-04-08 17:18:38.399199+07			2026-04-08 17:18:38.399255+07	11	\N	f	\N
838	Lấn chiếm vỉa hè	Bình Thạnh	10.821754663284741	106.71762337958899	DaXuLy	2026-04-08 17:18:38.399439+07	Đã khắc phục hoàn tất.		2026-04-08 17:18:38.399506+07	11	\N	f	\N
839	Tụ tập trái phép	Bình Thạnh	10.83415485471808	106.70025200735678	Moi	2026-04-08 17:18:38.400033+07	Đã tiếp nhận.		2026-04-08 17:18:38.400114+07	11	\N	f	\N
840	Lấn chiếm vỉa hè	Bình Thạnh	10.780875304622196	106.69244985640167	ChoDuyet	2026-04-08 17:18:38.400572+07			2026-04-08 17:18:38.400638+07	11	\N	f	\N
841	Lấn chiếm vỉa hè	Bình Thạnh	10.8107045087171	106.73046329892749	DangXuLy	2026-04-08 17:18:38.400826+07	Đã cử đội thi công.		2026-04-08 17:18:38.400888+07	11	\N	f	\N
842	Ngập nước	Bình Thạnh	10.814024752406613	106.69093768686191	Moi	2026-04-08 17:18:38.401071+07	Đã tiếp nhận.		2026-04-08 17:18:38.401138+07	11	\N	f	\N
843	Tụ tập trái phép	Bình Thạnh	10.785435628288958	106.72105625669111	ChoDuyet	2026-04-08 17:18:38.401542+07			2026-04-08 17:18:38.401604+07	11	\N	f	\N
844	Ổ gà nguy hiểm	Tân Bình	10.814860924200627	106.63018387807823	Moi	2026-04-08 17:18:38.401828+07	Đã tiếp nhận.		2026-04-08 17:18:38.401886+07	11	\N	f	\N
845	Đèn đường hỏng	Tân Bình	10.789730350333842	106.6319943671857	DaXuLy	2026-04-08 17:18:38.402099+07	Đã khắc phục hoàn tất.		2026-04-08 17:18:38.402164+07	11	\N	f	\N
846	Rác bốc mùi	Tân Bình	10.819685185360862	106.6603330336745	DaXuLy	2026-04-08 17:18:38.403726+07	Đã khắc phục hoàn tất.		2026-04-08 17:18:38.403806+07	11	\N	f	\N
847	Ngập nước	Tân Bình	10.83923452251911	106.64441969736106	Moi	2026-04-08 17:18:38.404124+07	Đã tiếp nhận.		2026-04-08 17:18:38.404214+07	11	\N	f	\N
848	Tụ tập trái phép	Tân Bình	10.769094661645045	106.62847736160877	DangXuLy	2026-04-08 17:18:38.404822+07	Đã cử đội thi công.		2026-04-08 17:18:38.4049+07	11	\N	f	\N
849	Nắp cống bị bể	Tân Bình	10.783173035538175	106.64195356196169	Moi	2026-04-08 17:18:38.40521+07	Đã tiếp nhận.		2026-04-08 17:18:38.405284+07	11	\N	f	\N
850	Tụ tập trái phép	Tân Bình	10.787140243552976	106.64718093908515	Moi	2026-04-08 17:18:38.405545+07	Đã tiếp nhận.		2026-04-08 17:18:38.405607+07	11	\N	f	\N
851	Ngập nước	Tân Bình	10.794772807222214	106.66339793497033	Moi	2026-04-08 17:18:38.406241+07	Đã tiếp nhận.		2026-04-08 17:18:38.406307+07	11	\N	f	\N
852	Rác bốc mùi	Tân Bình	10.814484317412107	106.65841844749283	ChoDuyet	2026-04-08 17:18:38.406931+07			2026-04-08 17:18:38.406995+07	11	\N	f	\N
853	Rác bốc mùi	Tân Bình	10.804689031106749	106.63835713724198	DangXuLy	2026-04-08 17:18:38.407351+07	Đã cử đội thi công.		2026-04-08 17:18:38.407434+07	11	\N	f	\N
854	Cây ngã đổ	Tân Bình	10.808903341101084	106.63853992127203	DangXuLy	2026-04-08 17:18:38.408061+07	Đã cử đội thi công.		2026-04-08 17:18:38.40816+07	11	\N	f	\N
855	Cây ngã đổ	Tân Bình	10.802763123770761	106.65051782681635	ChoDuyet	2026-04-08 17:18:38.40915+07			2026-04-08 17:18:38.409223+07	11	\N	f	\N
856	Nắp cống bị bể	Tân Bình	10.801407625325762	106.645690502378	Moi	2026-04-08 17:18:38.409487+07	Đã tiếp nhận.		2026-04-08 17:18:38.409558+07	11	\N	f	\N
857	Cây ngã đổ	Tân Bình	10.78986640766425	106.63496285601236	Moi	2026-04-08 17:18:38.409845+07	Đã tiếp nhận.		2026-04-08 17:18:38.409931+07	11	\N	f	\N
858	Cây ngã đổ	Tân Bình	10.75326331800221	106.63772564253316	DangXuLy	2026-04-08 17:18:38.410413+07	Đã cử đội thi công.		2026-04-08 17:18:38.410483+07	11	\N	f	\N
859	Rác bốc mùi	Tân Bình	10.796394716151514	106.63679052148646	DangXuLy	2026-04-08 17:18:38.410681+07	Đã cử đội thi công.		2026-04-08 17:18:38.410754+07	11	\N	f	\N
860	Rác bốc mùi	Tân Bình	10.81384407924795	106.64614025752938	DaXuLy	2026-04-08 17:18:38.411032+07	Đã khắc phục hoàn tất.		2026-04-08 17:18:38.411119+07	11	\N	f	\N
861	Đèn đường hỏng	Tân Bình	10.806803168005139	106.64479523243955	DangXuLy	2026-04-08 17:18:38.41142+07	Đã cử đội thi công.		2026-04-08 17:18:38.411657+07	11	\N	f	\N
862	Nắp cống bị bể	Tân Bình	10.804465600952337	106.64679734455514	DaXuLy	2026-04-08 17:18:38.412738+07	Đã khắc phục hoàn tất.		2026-04-08 17:18:38.412834+07	11	\N	f	\N
863	Nắp cống bị bể	Tân Bình	10.802310439185929	106.63676104682804	Moi	2026-04-08 17:18:38.413507+07	Đã tiếp nhận.		2026-04-08 17:18:38.413589+07	11	\N	f	\N
864	Rác bốc mùi	Tân Bình	10.81693424508118	106.64109003395198	ChoDuyet	2026-04-08 17:18:38.414384+07			2026-04-08 17:18:38.414448+07	11	\N	f	\N
865	Tụ tập trái phép	Tân Bình	10.789543658826192	106.6352203903996	DangXuLy	2026-04-08 17:18:38.414646+07	Đã cử đội thi công.		2026-04-08 17:18:38.414707+07	11	\N	f	\N
1271	đèn hỏng	Phường Dĩ An	10.905114923324478	106.77816005877928	ChoDuyet	2026-04-17 20:57:01.714449+07	\N		2026-04-17 20:57:01.715654+07	17	2	f	\N
867	Cây ngã đổ	Tân Bình	10.778059801463911	106.65418409064164	DaXuLy	2026-04-08 17:18:38.415815+07	Đã khắc phục hoàn tất.		2026-04-08 17:18:38.415943+07	11	\N	f	\N
868	Đèn đường hỏng	Tân Bình	10.795550356106164	106.6378740982737	DaXuLy	2026-04-08 17:18:38.416724+07	Đã khắc phục hoàn tất.		2026-04-08 17:18:38.416804+07	11	\N	f	\N
869	Nắp cống bị bể	Tân Bình	10.822671758146571	106.63406235603816	Moi	2026-04-08 17:18:38.417033+07	Đã tiếp nhận.		2026-04-08 17:18:38.417105+07	11	\N	f	\N
870	Nắp cống bị bể	Tân Bình	10.817624579100793	106.64400553183765	Moi	2026-04-08 17:18:38.417305+07	Đã tiếp nhận.		2026-04-08 17:18:38.417366+07	11	\N	f	\N
871	Cây ngã đổ	Tân Bình	10.786493378838058	106.6404491671917	DangXuLy	2026-04-08 17:18:38.418085+07	Đã cử đội thi công.		2026-04-08 17:18:38.418169+07	11	\N	f	\N
872	Ổ gà nguy hiểm	Tân Bình	10.790802919832483	106.64592215134203	Moi	2026-04-08 17:18:38.419071+07	Đã tiếp nhận.		2026-04-08 17:18:38.419145+07	11	\N	f	\N
873	Ổ gà nguy hiểm	Tân Bình	10.807308812008996	106.63570049989646	Moi	2026-04-08 17:18:38.419424+07	Đã tiếp nhận.		2026-04-08 17:18:38.419494+07	11	\N	f	\N
874	Cây ngã đổ	Tân Bình	10.83483223590545	106.64310164853222	DaXuLy	2026-04-08 17:18:38.419974+07	Đã khắc phục hoàn tất.		2026-04-08 17:18:38.420037+07	11	\N	f	\N
875	Lấn chiếm vỉa hè	Tân Bình	10.791649442579969	106.63727217850291	DangXuLy	2026-04-08 17:18:38.420665+07	Đã cử đội thi công.		2026-04-08 17:18:38.420739+07	11	\N	f	\N
876	Nắp cống bị bể	Tân Bình	10.799691051469798	106.63653268432023	DangXuLy	2026-04-08 17:18:38.420944+07	Đã cử đội thi công.		2026-04-08 17:18:38.421008+07	11	\N	f	\N
877	Rác bốc mùi	Tân Bình	10.776937062317309	106.66000072442039	DangXuLy	2026-04-08 17:18:38.421622+07	Đã cử đội thi công.		2026-04-08 17:18:38.421682+07	11	\N	f	\N
878	Rác bốc mùi	Tân Bình	10.804785765204748	106.64922737642438	DangXuLy	2026-04-08 17:18:38.422316+07	Đã cử đội thi công.		2026-04-08 17:18:38.422378+07	11	\N	f	\N
879	Ngập nước	Thủ Đức	10.824347881228459	106.7501878601061	DangXuLy	2026-04-08 17:18:38.423192+07	Đã cử đội thi công.		2026-04-08 17:18:38.423269+07	11	\N	f	\N
880	Cây ngã đổ	Thủ Đức	10.815095382658457	106.75913473228277	ChoDuyet	2026-04-08 17:18:38.423529+07			2026-04-08 17:18:38.423602+07	11	\N	f	\N
881	Nắp cống bị bể	Thủ Đức	10.8445873635898	106.79840349247615	DaXuLy	2026-04-08 17:18:38.423816+07	Đã khắc phục hoàn tất.		2026-04-08 17:18:38.42388+07	11	\N	f	\N
882	Rác bốc mùi	Thủ Đức	10.834648136600862	106.75870491332061	DaXuLy	2026-04-08 17:18:38.424706+07	Đã khắc phục hoàn tất.		2026-04-08 17:18:38.424774+07	11	\N	f	\N
883	Đèn đường hỏng	Thủ Đức	10.79452595742644	106.77366402937827	DaXuLy	2026-04-08 17:18:38.425056+07	Đã khắc phục hoàn tất.		2026-04-08 17:18:38.425116+07	11	\N	f	\N
884	Lấn chiếm vỉa hè	Thủ Đức	10.814553359591674	106.77177206425104	DangXuLy	2026-04-08 17:18:38.425322+07	Đã cử đội thi công.		2026-04-08 17:18:38.42538+07	11	\N	f	\N
885	Đèn đường hỏng	Thủ Đức	10.817485179493643	106.74040656072093	Moi	2026-04-08 17:18:38.426294+07	Đã tiếp nhận.		2026-04-08 17:18:38.426392+07	11	\N	f	\N
886	Ngập nước	Thủ Đức	10.817147261792055	106.77790365290585	DaXuLy	2026-04-08 17:18:38.427381+07	Đã khắc phục hoàn tất.		2026-04-08 17:18:38.427453+07	11	\N	f	\N
887	Ổ gà nguy hiểm	Thủ Đức	10.820616224960188	106.74570252900456	ChoDuyet	2026-04-08 17:18:38.427902+07			2026-04-08 17:18:38.427974+07	11	\N	f	\N
888	Tụ tập trái phép	Thủ Đức	10.809044420892652	106.76695688870169	Moi	2026-04-08 17:18:38.428165+07	Đã tiếp nhận.		2026-04-08 17:18:38.428231+07	11	\N	f	\N
889	Cây ngã đổ	Thủ Đức	10.813883108267206	106.7583353325544	DangXuLy	2026-04-08 17:18:38.428475+07	Đã cử đội thi công.		2026-04-08 17:18:38.428538+07	11	\N	f	\N
890	Đèn đường hỏng	Thủ Đức	10.804239937807582	106.76623724922958	DangXuLy	2026-04-08 17:18:38.429227+07	Đã cử đội thi công.		2026-04-08 17:18:38.429336+07	11	\N	f	\N
891	Lấn chiếm vỉa hè	Thủ Đức	10.826790951424533	106.78035791302938	DangXuLy	2026-04-08 17:18:38.429644+07	Đã cử đội thi công.		2026-04-08 17:18:38.429777+07	11	\N	f	\N
892	Nắp cống bị bể	Thủ Đức	10.805667258760954	106.75805553237724	DangXuLy	2026-04-08 17:18:38.430062+07	Đã cử đội thi công.		2026-04-08 17:18:38.430181+07	11	\N	f	\N
893	Đèn đường hỏng	Thủ Đức	10.821820724172468	106.77561347593794	ChoDuyet	2026-04-08 17:18:38.430613+07			2026-04-08 17:18:38.430672+07	11	\N	f	\N
894	Đèn đường hỏng	Thủ Đức	10.821641432586578	106.75426268363528	DangXuLy	2026-04-08 17:18:38.430849+07	Đã cử đội thi công.		2026-04-08 17:18:38.430905+07	11	\N	f	\N
895	Đèn đường hỏng	Thủ Đức	10.811878426014596	106.78477910946894	DaXuLy	2026-04-08 17:18:38.431362+07	Đã khắc phục hoàn tất.		2026-04-08 17:18:38.431424+07	11	\N	f	\N
896	Ổ gà nguy hiểm	Thủ Đức	10.794400151186203	106.75804112009659	Moi	2026-04-08 17:18:38.431752+07	Đã tiếp nhận.		2026-04-08 17:18:38.431827+07	11	\N	f	\N
897	Nắp cống bị bể	Thủ Đức	10.819275352628427	106.74581703821049	Moi	2026-04-08 17:18:38.433091+07	Đã tiếp nhận.		2026-04-08 17:18:38.433194+07	11	\N	f	\N
898	Ngập nước	Thủ Đức	10.83765802622996	106.7765695756201	DangXuLy	2026-04-08 17:18:38.433988+07	Đã cử đội thi công.		2026-04-08 17:18:38.434065+07	11	\N	f	\N
899	Cây ngã đổ	Thủ Đức	10.825702307069475	106.77378574391182	Moi	2026-04-08 17:18:38.434582+07	Đã tiếp nhận.		2026-04-08 17:18:38.434647+07	11	\N	f	\N
900	Rác bốc mùi	Thủ Đức	10.80787075246462	106.77949484666345	Moi	2026-04-08 17:18:38.434858+07	Đã tiếp nhận.		2026-04-08 17:18:38.434918+07	11	\N	f	\N
901	Nắp cống bị bể	Thủ Đức	10.81160318268975	106.75281906707426	Moi	2026-04-08 17:18:38.435505+07	Đã tiếp nhận.		2026-04-08 17:18:38.435625+07	11	\N	f	\N
902	Lấn chiếm vỉa hè	Thủ Đức	10.829761807758542	106.75201940942269	ChoDuyet	2026-04-08 17:18:38.435911+07			2026-04-08 17:18:38.43607+07	11	\N	f	\N
903	Tụ tập trái phép	Thủ Đức	10.807324928218264	106.76667318562967	Moi	2026-04-08 17:18:38.436483+07	Đã tiếp nhận.		2026-04-08 17:18:38.436626+07	11	\N	f	\N
1272	22144124	Phường Linh Xuân	10.86632671689751	106.77077992491257	ChoDuyet	2026-04-17 20:57:12.50582+07	\N		2026-04-17 20:57:12.506868+07	17	2	f	\N
1274	nắp cống nhô cao	Phường Chánh Hiệp	10.983037189889078	106.65597427661149	Moi	2026-04-22 12:13:59.032446+07	\N		2026-04-22 12:13:59.033384+07	10		f	\N
952	nắp cống nhô cao	Phường Tân Thới Hiệp	10.855381594252819	106.64239883422852	Moi	2026-04-15 09:09:55.355012+07	\N		2026-04-15 09:09:55.35586+07	10		f	\N
951	đèn hỏng 	Phường Phú Thạnh	10.781404285947179	106.62263896531601	ChoDuyet	2026-04-14 22:49:19.641802+07	\N		2026-04-14 22:49:19.642337+07	17		t	\N
1273	21332312	Phường Linh Xuân	10.867338647267527	106.77541396245678	ChoDuyet	2026-04-17 20:57:19.581942+07	\N		2026-04-17 20:57:19.582462+07	17	32132	f	\N
953	đèn hỏng	Phường Thới An	10.897374513457255	106.67259741725982	DaXuLy	2026-04-15 09:14:32.883816+07	fa	anh_da_xu_ly/OIP_2_G1tXDzK.jpg	2026-04-15 09:15:06.528255+07	17		t	\N
954	rác bốc mùi	Phường An Hội Tây	10.835571019319943	106.63913726806642	ChoDuyet	2026-04-15 09:17:52.625801+07	\N		2026-04-15 09:17:52.626436+07	17		t	\N
955	rác bốc mùi	Phường Phú Lâm	10.74626531552659	106.62591934204103	ChoDuyet	2026-04-15 09:24:19.058057+07	\N		2026-04-15 09:24:19.058548+07	17		f	\N
909	Nắp cống bị bể	Thủ Đức	10.813598518779376	106.74171520370913	DaXuLy	2026-04-08 17:18:38.440779+07			2026-04-14 21:20:36.828146+07	11	\N	f	\N
904	Rác bốc mùi	Thủ Đức	10.845130949821908	106.74516946992559	DaXuLy	2026-04-08 17:18:38.437794+07	Đã khắc phục hoàn tất.		2026-04-08 17:18:38.43788+07	11	\N	f	\N
905	Lấn chiếm vỉa hè	Thủ Đức	10.799986788251621	106.76355912088059	Moi	2026-04-08 17:18:38.438737+07	Đã tiếp nhận.		2026-04-08 17:18:38.43884+07	11	\N	f	\N
907	Tụ tập trái phép	Thủ Đức	10.830150236571955	106.77988470134602	ChoDuyet	2026-04-08 17:18:38.440225+07			2026-04-08 17:18:38.440299+07	11	\N	f	\N
908	Cây ngã đổ	Thủ Đức	10.827519251071234	106.76624187484931	ChoDuyet	2026-04-08 17:18:38.440521+07			2026-04-08 17:18:38.440587+07	11	\N	f	\N
910	Tụ tập trái phép	Thủ Đức	10.829736201536425	106.7612704530754	DaXuLy	2026-04-08 17:18:38.441019+07	Đã khắc phục hoàn tất.		2026-04-08 17:18:38.44108+07	11	\N	f	\N
911	Ổ gà nguy hiểm	Thủ Đức	10.83067400687737	106.75587077218691	Moi	2026-04-08 17:18:38.441468+07	Đã tiếp nhận.		2026-04-08 17:18:38.441535+07	11	\N	f	\N
912	Đèn đường hỏng	Thủ Đức	10.825805770793343	106.76906642616567	DaXuLy	2026-04-08 17:18:38.441712+07	Đã khắc phục hoàn tất.		2026-04-08 17:18:38.441774+07	11	\N	f	\N
914	Tụ tập trái phép	Gò Vấp	10.83650036552008	106.68844943562145	Moi	2026-04-08 17:18:38.442812+07	Đã tiếp nhận.		2026-04-08 17:18:38.4429+07	11	\N	f	\N
915	Lấn chiếm vỉa hè	Gò Vấp	10.857826435457218	106.67950087030316	DangXuLy	2026-04-08 17:18:38.443371+07	Đã cử đội thi công.		2026-04-08 17:18:38.443454+07	11	\N	f	\N
916	Tụ tập trái phép	Gò Vấp	10.84255808248703	106.70090922553455	ChoDuyet	2026-04-08 17:18:38.444002+07			2026-04-08 17:18:38.444066+07	11	\N	f	\N
917	Nắp cống bị bể	Gò Vấp	10.823547944548222	106.68517134491724	Moi	2026-04-08 17:18:38.444263+07	Đã tiếp nhận.		2026-04-08 17:18:38.444325+07	11	\N	f	\N
918	Ngập nước	Gò Vấp	10.824042371575935	106.66407458119326	Moi	2026-04-08 17:18:38.44472+07	Đã tiếp nhận.		2026-04-08 17:18:38.444787+07	11	\N	f	\N
919	Rác bốc mùi	Gò Vấp	10.844955775041345	106.699654910815	DangXuLy	2026-04-08 17:18:38.444977+07	Đã cử đội thi công.		2026-04-08 17:18:38.445041+07	11	\N	f	\N
920	Tụ tập trái phép	Gò Vấp	10.834952951556602	106.68475958621065	DaXuLy	2026-04-08 17:18:38.445219+07	Đã khắc phục hoàn tất.		2026-04-08 17:18:38.445281+07	11	\N	f	\N
921	Rác bốc mùi	Gò Vấp	10.827878677949574	106.67320073167393	DangXuLy	2026-04-08 17:18:38.445767+07	Đã cử đội thi công.		2026-04-08 17:18:38.445845+07	11	\N	f	\N
922	Ổ gà nguy hiểm	Gò Vấp	10.838962590855761	106.67840809698897	DaXuLy	2026-04-08 17:18:38.446734+07	Đã khắc phục hoàn tất.		2026-04-08 17:18:38.44681+07	11	\N	f	\N
923	Nắp cống bị bể	Gò Vấp	10.838220375739981	106.6658262493081	DangXuLy	2026-04-08 17:18:38.447322+07	Đã cử đội thi công.		2026-04-08 17:18:38.447387+07	11	\N	f	\N
924	Nắp cống bị bể	Gò Vấp	10.820816991380376	106.67220222244589	DaXuLy	2026-04-08 17:18:38.44771+07	Đã khắc phục hoàn tất.		2026-04-08 17:18:38.447796+07	11	\N	f	\N
925	Tụ tập trái phép	Gò Vấp	10.855780279200118	106.67400832710842	DangXuLy	2026-04-08 17:18:38.448561+07	Đã cử đội thi công.		2026-04-08 17:18:38.448631+07	11	\N	f	\N
926	Đèn đường hỏng	Gò Vấp	10.839604815982671	106.69950067765275	DaXuLy	2026-04-08 17:18:38.449369+07	Đã khắc phục hoàn tất.		2026-04-08 17:18:38.449438+07	11	\N	f	\N
927	Lấn chiếm vỉa hè	Gò Vấp	10.864328005240743	106.68565887510402	DangXuLy	2026-04-08 17:18:38.449996+07	Đã cử đội thi công.		2026-04-08 17:18:38.450063+07	11	\N	f	\N
928	Lấn chiếm vỉa hè	Gò Vấp	10.833224396506175	106.6635302497219	DaXuLy	2026-04-08 17:18:38.450506+07	Đã khắc phục hoàn tất.		2026-04-08 17:18:38.450567+07	11	\N	f	\N
929	Tụ tập trái phép	Gò Vấp	10.843065165302741	106.67396516863886	ChoDuyet	2026-04-08 17:18:38.450955+07			2026-04-08 17:18:38.451014+07	11	\N	f	\N
930	Tụ tập trái phép	Gò Vấp	10.814707529025315	106.68710034807026	DangXuLy	2026-04-08 17:18:38.451196+07	Đã cử đội thi công.		2026-04-08 17:18:38.451262+07	11	\N	f	\N
931	Tụ tập trái phép	Gò Vấp	10.847463043982357	106.67913656121547	Moi	2026-04-08 17:18:38.451874+07	Đã tiếp nhận.		2026-04-08 17:18:38.451933+07	11	\N	f	\N
932	Ngập nước	Gò Vấp	10.848421537887344	106.67946019956504	ChoDuyet	2026-04-08 17:18:38.45237+07			2026-04-08 17:18:38.452493+07	11	\N	f	\N
933	Nắp cống bị bể	Gò Vấp	10.833628923680497	106.68533757331264	Moi	2026-04-08 17:18:38.45301+07	Đã tiếp nhận.		2026-04-08 17:18:38.453136+07	11	\N	f	\N
934	Nắp cống bị bể	Gò Vấp	10.829148039818726	106.6512987340331	DaXuLy	2026-04-08 17:18:38.453717+07	Đã khắc phục hoàn tất.		2026-04-08 17:18:38.453866+07	11	\N	f	\N
935	Ngập nước	Gò Vấp	10.834548344103608	106.66841798921078	Moi	2026-04-08 17:18:38.454186+07	Đã tiếp nhận.		2026-04-08 17:18:38.454288+07	11	\N	f	\N
936	Nắp cống bị bể	Gò Vấp	10.840766333060195	106.67734335355284	DaXuLy	2026-04-08 17:18:38.454556+07	Đã khắc phục hoàn tất.		2026-04-08 17:18:38.454633+07	11	\N	f	\N
937	Rác bốc mùi	Gò Vấp	10.843209453755811	106.66370001374762	Moi	2026-04-08 17:18:38.455134+07	Đã tiếp nhận.		2026-04-08 17:18:38.455201+07	11	\N	f	\N
938	Lấn chiếm vỉa hè	Gò Vấp	10.838953464568894	106.68529578022161	DangXuLy	2026-04-08 17:18:38.455394+07	Đã cử đội thi công.		2026-04-08 17:18:38.455456+07	11	\N	f	\N
939	Tụ tập trái phép	Gò Vấp	10.825972508016052	106.67901142530147	DangXuLy	2026-04-08 17:18:38.455644+07	Đã cử đội thi công.		2026-04-08 17:18:38.455707+07	11	\N	f	\N
940	Tụ tập trái phép	Gò Vấp	10.839269112522594	106.69258754012911	Moi	2026-04-08 17:18:38.456101+07	Đã tiếp nhận.		2026-04-08 17:18:38.456157+07	11	\N	f	\N
941	Ổ gà nguy hiểm	Gò Vấp	10.833265954340419	106.66216475114479	DangXuLy	2026-04-08 17:18:38.456566+07	Đã cử đội thi công.		2026-04-08 17:18:38.45663+07	11	\N	f	\N
942	Ổ gà nguy hiểm	Gò Vấp	10.848591771860288	106.69685635364307	DangXuLy	2026-04-08 17:18:38.456813+07	Đã cử đội thi công.		2026-04-08 17:18:38.456873+07	11	\N	f	\N
943	Cây ngã đổ	Gò Vấp	10.835796068426916	106.68932610433203	DaXuLy	2026-04-08 17:18:38.457048+07	Đã khắc phục hoàn tất.		2026-04-08 17:18:38.457145+07	11	\N	f	\N
944	Ổ gà nguy hiểm	Gò Vấp	10.828015283659717	106.68855781245615	DaXuLy	2026-04-08 17:18:38.457365+07	Đã khắc phục hoàn tất.		2026-04-08 17:18:38.457464+07	11	\N	f	\N
945	Ổ gà nguy hiểm	Gò Vấp	10.848769058541091	106.66796413845022	DangXuLy	2026-04-08 17:18:38.457695+07	Đã cử đội thi công.		2026-04-08 17:18:38.45779+07	11	\N	f	\N
946	Ổ gà nguy hiểm	Gò Vấp	10.851574839803604	106.65816445824797	Moi	2026-04-08 17:18:38.45801+07	Đã tiếp nhận.		2026-04-08 17:18:38.458113+07	11	\N	f	\N
947	Cây ngã đổ	Gò Vấp	10.821367477510016	106.68408185453708	DaXuLy	2026-04-08 17:18:38.458395+07	Đã khắc phục hoàn tất.		2026-04-08 17:18:38.458493+07	11	\N	f	\N
948	Nắp cống bị bể	Gò Vấp	10.826165764807442	106.69632754662409	DaXuLy	2026-04-08 17:18:38.459309+07	Đã khắc phục hoàn tất.		2026-04-08 17:18:38.459382+07	11	\N	f	\N
\.


--
-- TOC entry 5138 (class 0 OID 18435)
-- Dependencies: 245
-- Data for Name: phan_anh_diemphananh_nguoi_theo_doi; Type: TABLE DATA; Schema: public; Owner: postgres
--

COPY public.phan_anh_diemphananh_nguoi_theo_doi (id, diemphananh_id, user_id) FROM stdin;
3	927	17
5	834	17
7	713	17
\.


--
-- TOC entry 5140 (class 0 OID 18460)
-- Dependencies: 247
-- Data for Name: phan_anh_diemphananh_nguoi_xac_nhan; Type: TABLE DATA; Schema: public; Owner: postgres
--

COPY public.phan_anh_diemphananh_nguoi_xac_nhan (id, diemphananh_id, user_id) FROM stdin;
\.


--
-- TOC entry 5135 (class 0 OID 18364)
-- Dependencies: 242
-- Data for Name: phan_anh_hinhanhphananh; Type: TABLE DATA; Schema: public; Owner: postgres
--

COPY public.phan_anh_hinhanhphananh (id, hinh_anh, diem_phan_anh_id) FROM stdin;
9	anh_hien_truong/OIP_5.jpg	952
10	anh_hien_truong/OIP_2.jpg	954
11	anh_hien_truong/Screenshot_2026-04-15_160302.png	1274
12	anh_hien_truong/Screenshot_2026-04-15_153203.png	1274
\.


--
-- TOC entry 5148 (class 0 OID 0)
-- Dependencies: 225
-- Name: auth_group_id_seq; Type: SEQUENCE SET; Schema: public; Owner: postgres
--

SELECT pg_catalog.setval('public.auth_group_id_seq', 1, false);


--
-- TOC entry 5149 (class 0 OID 0)
-- Dependencies: 227
-- Name: auth_group_permissions_id_seq; Type: SEQUENCE SET; Schema: public; Owner: postgres
--

SELECT pg_catalog.setval('public.auth_group_permissions_id_seq', 1, false);


--
-- TOC entry 5150 (class 0 OID 0)
-- Dependencies: 223
-- Name: auth_permission_id_seq; Type: SEQUENCE SET; Schema: public; Owner: postgres
--

SELECT pg_catalog.setval('public.auth_permission_id_seq', 36, true);


--
-- TOC entry 5151 (class 0 OID 0)
-- Dependencies: 231
-- Name: auth_user_groups_id_seq; Type: SEQUENCE SET; Schema: public; Owner: postgres
--

SELECT pg_catalog.setval('public.auth_user_groups_id_seq', 1, false);


--
-- TOC entry 5152 (class 0 OID 0)
-- Dependencies: 229
-- Name: auth_user_id_seq; Type: SEQUENCE SET; Schema: public; Owner: postgres
--

SELECT pg_catalog.setval('public.auth_user_id_seq', 17, true);


--
-- TOC entry 5153 (class 0 OID 0)
-- Dependencies: 233
-- Name: auth_user_user_permissions_id_seq; Type: SEQUENCE SET; Schema: public; Owner: postgres
--

SELECT pg_catalog.setval('public.auth_user_user_permissions_id_seq', 1, false);


--
-- TOC entry 5154 (class 0 OID 0)
-- Dependencies: 235
-- Name: django_admin_log_id_seq; Type: SEQUENCE SET; Schema: public; Owner: postgres
--

SELECT pg_catalog.setval('public.django_admin_log_id_seq', 315, true);


--
-- TOC entry 5155 (class 0 OID 0)
-- Dependencies: 221
-- Name: django_content_type_id_seq; Type: SEQUENCE SET; Schema: public; Owner: postgres
--

SELECT pg_catalog.setval('public.django_content_type_id_seq', 9, true);


--
-- TOC entry 5156 (class 0 OID 0)
-- Dependencies: 219
-- Name: django_migrations_id_seq; Type: SEQUENCE SET; Schema: public; Owner: postgres
--

SELECT pg_catalog.setval('public.django_migrations_id_seq', 25, true);


--
-- TOC entry 5157 (class 0 OID 0)
-- Dependencies: 239
-- Name: phan_anh_binhluan_id_seq; Type: SEQUENCE SET; Schema: public; Owner: postgres
--

SELECT pg_catalog.setval('public.phan_anh_binhluan_id_seq', 697, true);


--
-- TOC entry 5158 (class 0 OID 0)
-- Dependencies: 237
-- Name: phan_anh_diemphananh_id_seq; Type: SEQUENCE SET; Schema: public; Owner: postgres
--

SELECT pg_catalog.setval('public.phan_anh_diemphananh_id_seq', 1274, true);


--
-- TOC entry 5159 (class 0 OID 0)
-- Dependencies: 244
-- Name: phan_anh_diemphananh_nguoi_theo_doi_id_seq; Type: SEQUENCE SET; Schema: public; Owner: postgres
--

SELECT pg_catalog.setval('public.phan_anh_diemphananh_nguoi_theo_doi_id_seq', 9, true);


--
-- TOC entry 5160 (class 0 OID 0)
-- Dependencies: 246
-- Name: phan_anh_diemphananh_nguoi_xac_nhan_id_seq; Type: SEQUENCE SET; Schema: public; Owner: postgres
--

SELECT pg_catalog.setval('public.phan_anh_diemphananh_nguoi_xac_nhan_id_seq', 1, false);


--
-- TOC entry 5161 (class 0 OID 0)
-- Dependencies: 241
-- Name: phan_anh_hinhanhphananh_id_seq; Type: SEQUENCE SET; Schema: public; Owner: postgres
--

SELECT pg_catalog.setval('public.phan_anh_hinhanhphananh_id_seq', 12, true);


--
-- TOC entry 4892 (class 2606 OID 18329)
-- Name: auth_group auth_group_name_key; Type: CONSTRAINT; Schema: public; Owner: postgres
--

ALTER TABLE ONLY public.auth_group
    ADD CONSTRAINT auth_group_name_key UNIQUE (name);


--
-- TOC entry 4897 (class 2606 OID 18250)
-- Name: auth_group_permissions auth_group_permissions_group_id_permission_id_0cd325b0_uniq; Type: CONSTRAINT; Schema: public; Owner: postgres
--

ALTER TABLE ONLY public.auth_group_permissions
    ADD CONSTRAINT auth_group_permissions_group_id_permission_id_0cd325b0_uniq UNIQUE (group_id, permission_id);


--
-- TOC entry 4900 (class 2606 OID 18202)
-- Name: auth_group_permissions auth_group_permissions_pkey; Type: CONSTRAINT; Schema: public; Owner: postgres
--

ALTER TABLE ONLY public.auth_group_permissions
    ADD CONSTRAINT auth_group_permissions_pkey PRIMARY KEY (id);


--
-- TOC entry 4894 (class 2606 OID 18191)
-- Name: auth_group auth_group_pkey; Type: CONSTRAINT; Schema: public; Owner: postgres
--

ALTER TABLE ONLY public.auth_group
    ADD CONSTRAINT auth_group_pkey PRIMARY KEY (id);


--
-- TOC entry 4887 (class 2606 OID 18241)
-- Name: auth_permission auth_permission_content_type_id_codename_01ab375a_uniq; Type: CONSTRAINT; Schema: public; Owner: postgres
--

ALTER TABLE ONLY public.auth_permission
    ADD CONSTRAINT auth_permission_content_type_id_codename_01ab375a_uniq UNIQUE (content_type_id, codename);


--
-- TOC entry 4889 (class 2606 OID 18183)
-- Name: auth_permission auth_permission_pkey; Type: CONSTRAINT; Schema: public; Owner: postgres
--

ALTER TABLE ONLY public.auth_permission
    ADD CONSTRAINT auth_permission_pkey PRIMARY KEY (id);


--
-- TOC entry 4908 (class 2606 OID 18230)
-- Name: auth_user_groups auth_user_groups_pkey; Type: CONSTRAINT; Schema: public; Owner: postgres
--

ALTER TABLE ONLY public.auth_user_groups
    ADD CONSTRAINT auth_user_groups_pkey PRIMARY KEY (id);


--
-- TOC entry 4911 (class 2606 OID 18265)
-- Name: auth_user_groups auth_user_groups_user_id_group_id_94350c0c_uniq; Type: CONSTRAINT; Schema: public; Owner: postgres
--

ALTER TABLE ONLY public.auth_user_groups
    ADD CONSTRAINT auth_user_groups_user_id_group_id_94350c0c_uniq UNIQUE (user_id, group_id);


--
-- TOC entry 4902 (class 2606 OID 18219)
-- Name: auth_user auth_user_pkey; Type: CONSTRAINT; Schema: public; Owner: postgres
--

ALTER TABLE ONLY public.auth_user
    ADD CONSTRAINT auth_user_pkey PRIMARY KEY (id);


--
-- TOC entry 4914 (class 2606 OID 18239)
-- Name: auth_user_user_permissions auth_user_user_permissions_pkey; Type: CONSTRAINT; Schema: public; Owner: postgres
--

ALTER TABLE ONLY public.auth_user_user_permissions
    ADD CONSTRAINT auth_user_user_permissions_pkey PRIMARY KEY (id);


--
-- TOC entry 4917 (class 2606 OID 18279)
-- Name: auth_user_user_permissions auth_user_user_permissions_user_id_permission_id_14a6b632_uniq; Type: CONSTRAINT; Schema: public; Owner: postgres
--

ALTER TABLE ONLY public.auth_user_user_permissions
    ADD CONSTRAINT auth_user_user_permissions_user_id_permission_id_14a6b632_uniq UNIQUE (user_id, permission_id);


--
-- TOC entry 4905 (class 2606 OID 18322)
-- Name: auth_user auth_user_username_key; Type: CONSTRAINT; Schema: public; Owner: postgres
--

ALTER TABLE ONLY public.auth_user
    ADD CONSTRAINT auth_user_username_key UNIQUE (username);


--
-- TOC entry 4920 (class 2606 OID 18306)
-- Name: django_admin_log django_admin_log_pkey; Type: CONSTRAINT; Schema: public; Owner: postgres
--

ALTER TABLE ONLY public.django_admin_log
    ADD CONSTRAINT django_admin_log_pkey PRIMARY KEY (id);


--
-- TOC entry 4882 (class 2606 OID 18173)
-- Name: django_content_type django_content_type_app_label_model_76bd3d3b_uniq; Type: CONSTRAINT; Schema: public; Owner: postgres
--

ALTER TABLE ONLY public.django_content_type
    ADD CONSTRAINT django_content_type_app_label_model_76bd3d3b_uniq UNIQUE (app_label, model);


--
-- TOC entry 4884 (class 2606 OID 18171)
-- Name: django_content_type django_content_type_pkey; Type: CONSTRAINT; Schema: public; Owner: postgres
--

ALTER TABLE ONLY public.django_content_type
    ADD CONSTRAINT django_content_type_pkey PRIMARY KEY (id);


--
-- TOC entry 4880 (class 2606 OID 18161)
-- Name: django_migrations django_migrations_pkey; Type: CONSTRAINT; Schema: public; Owner: postgres
--

ALTER TABLE ONLY public.django_migrations
    ADD CONSTRAINT django_migrations_pkey PRIMARY KEY (id);


--
-- TOC entry 4934 (class 2606 OID 18405)
-- Name: django_session django_session_pkey; Type: CONSTRAINT; Schema: public; Owner: postgres
--

ALTER TABLE ONLY public.django_session
    ADD CONSTRAINT django_session_pkey PRIMARY KEY (session_key);


--
-- TOC entry 4928 (class 2606 OID 18362)
-- Name: phan_anh_binhluan phan_anh_binhluan_pkey; Type: CONSTRAINT; Schema: public; Owner: postgres
--

ALTER TABLE ONLY public.phan_anh_binhluan
    ADD CONSTRAINT phan_anh_binhluan_pkey PRIMARY KEY (id);


--
-- TOC entry 4943 (class 2606 OID 18469)
-- Name: phan_anh_diemphananh_nguoi_xac_nhan phan_anh_diemphananh_ngu_diemphananh_id_user_id_986d01f6_uniq; Type: CONSTRAINT; Schema: public; Owner: postgres
--

ALTER TABLE ONLY public.phan_anh_diemphananh_nguoi_xac_nhan
    ADD CONSTRAINT phan_anh_diemphananh_ngu_diemphananh_id_user_id_986d01f6_uniq UNIQUE (diemphananh_id, user_id);


--
-- TOC entry 4937 (class 2606 OID 18444)
-- Name: phan_anh_diemphananh_nguoi_theo_doi phan_anh_diemphananh_ngu_diemphananh_id_user_id_de4c6aca_uniq; Type: CONSTRAINT; Schema: public; Owner: postgres
--

ALTER TABLE ONLY public.phan_anh_diemphananh_nguoi_theo_doi
    ADD CONSTRAINT phan_anh_diemphananh_ngu_diemphananh_id_user_id_de4c6aca_uniq UNIQUE (diemphananh_id, user_id);


--
-- TOC entry 4940 (class 2606 OID 18442)
-- Name: phan_anh_diemphananh_nguoi_theo_doi phan_anh_diemphananh_nguoi_theo_doi_pkey; Type: CONSTRAINT; Schema: public; Owner: postgres
--

ALTER TABLE ONLY public.phan_anh_diemphananh_nguoi_theo_doi
    ADD CONSTRAINT phan_anh_diemphananh_nguoi_theo_doi_pkey PRIMARY KEY (id);


--
-- TOC entry 4946 (class 2606 OID 18467)
-- Name: phan_anh_diemphananh_nguoi_xac_nhan phan_anh_diemphananh_nguoi_xac_nhan_pkey; Type: CONSTRAINT; Schema: public; Owner: postgres
--

ALTER TABLE ONLY public.phan_anh_diemphananh_nguoi_xac_nhan
    ADD CONSTRAINT phan_anh_diemphananh_nguoi_xac_nhan_pkey PRIMARY KEY (id);


--
-- TOC entry 4924 (class 2606 OID 18348)
-- Name: phan_anh_diemphananh phan_anh_diemphananh_pkey; Type: CONSTRAINT; Schema: public; Owner: postgres
--

ALTER TABLE ONLY public.phan_anh_diemphananh
    ADD CONSTRAINT phan_anh_diemphananh_pkey PRIMARY KEY (id);


--
-- TOC entry 4931 (class 2606 OID 18371)
-- Name: phan_anh_hinhanhphananh phan_anh_hinhanhphananh_pkey; Type: CONSTRAINT; Schema: public; Owner: postgres
--

ALTER TABLE ONLY public.phan_anh_hinhanhphananh
    ADD CONSTRAINT phan_anh_hinhanhphananh_pkey PRIMARY KEY (id);


--
-- TOC entry 4890 (class 1259 OID 18330)
-- Name: auth_group_name_a6ea08ec_like; Type: INDEX; Schema: public; Owner: postgres
--

CREATE INDEX auth_group_name_a6ea08ec_like ON public.auth_group USING btree (name varchar_pattern_ops);


--
-- TOC entry 4895 (class 1259 OID 18261)
-- Name: auth_group_permissions_group_id_b120cbf9; Type: INDEX; Schema: public; Owner: postgres
--

CREATE INDEX auth_group_permissions_group_id_b120cbf9 ON public.auth_group_permissions USING btree (group_id);


--
-- TOC entry 4898 (class 1259 OID 18262)
-- Name: auth_group_permissions_permission_id_84c5c92e; Type: INDEX; Schema: public; Owner: postgres
--

CREATE INDEX auth_group_permissions_permission_id_84c5c92e ON public.auth_group_permissions USING btree (permission_id);


--
-- TOC entry 4885 (class 1259 OID 18247)
-- Name: auth_permission_content_type_id_2f476e4b; Type: INDEX; Schema: public; Owner: postgres
--

CREATE INDEX auth_permission_content_type_id_2f476e4b ON public.auth_permission USING btree (content_type_id);


--
-- TOC entry 4906 (class 1259 OID 18277)
-- Name: auth_user_groups_group_id_97559544; Type: INDEX; Schema: public; Owner: postgres
--

CREATE INDEX auth_user_groups_group_id_97559544 ON public.auth_user_groups USING btree (group_id);


--
-- TOC entry 4909 (class 1259 OID 18276)
-- Name: auth_user_groups_user_id_6a12ed8b; Type: INDEX; Schema: public; Owner: postgres
--

CREATE INDEX auth_user_groups_user_id_6a12ed8b ON public.auth_user_groups USING btree (user_id);


--
-- TOC entry 4912 (class 1259 OID 18291)
-- Name: auth_user_user_permissions_permission_id_1fbb5f2c; Type: INDEX; Schema: public; Owner: postgres
--

CREATE INDEX auth_user_user_permissions_permission_id_1fbb5f2c ON public.auth_user_user_permissions USING btree (permission_id);


--
-- TOC entry 4915 (class 1259 OID 18290)
-- Name: auth_user_user_permissions_user_id_a95ead1b; Type: INDEX; Schema: public; Owner: postgres
--

CREATE INDEX auth_user_user_permissions_user_id_a95ead1b ON public.auth_user_user_permissions USING btree (user_id);


--
-- TOC entry 4903 (class 1259 OID 18323)
-- Name: auth_user_username_6821ab7c_like; Type: INDEX; Schema: public; Owner: postgres
--

CREATE INDEX auth_user_username_6821ab7c_like ON public.auth_user USING btree (username varchar_pattern_ops);


--
-- TOC entry 4918 (class 1259 OID 18317)
-- Name: django_admin_log_content_type_id_c4bce8eb; Type: INDEX; Schema: public; Owner: postgres
--

CREATE INDEX django_admin_log_content_type_id_c4bce8eb ON public.django_admin_log USING btree (content_type_id);


--
-- TOC entry 4921 (class 1259 OID 18318)
-- Name: django_admin_log_user_id_c564eba6; Type: INDEX; Schema: public; Owner: postgres
--

CREATE INDEX django_admin_log_user_id_c564eba6 ON public.django_admin_log USING btree (user_id);


--
-- TOC entry 4932 (class 1259 OID 18407)
-- Name: django_session_expire_date_a5c62663; Type: INDEX; Schema: public; Owner: postgres
--

CREATE INDEX django_session_expire_date_a5c62663 ON public.django_session USING btree (expire_date);


--
-- TOC entry 4935 (class 1259 OID 18406)
-- Name: django_session_session_key_c0390e0f_like; Type: INDEX; Schema: public; Owner: postgres
--

CREATE INDEX django_session_session_key_c0390e0f_like ON public.django_session USING btree (session_key varchar_pattern_ops);


--
-- TOC entry 4925 (class 1259 OID 18389)
-- Name: phan_anh_binhluan_diem_phan_anh_id_2ec9c95d; Type: INDEX; Schema: public; Owner: postgres
--

CREATE INDEX phan_anh_binhluan_diem_phan_anh_id_2ec9c95d ON public.phan_anh_binhluan USING btree (diem_phan_anh_id);


--
-- TOC entry 4926 (class 1259 OID 18388)
-- Name: phan_anh_binhluan_nguoi_dung_id_ec86167e; Type: INDEX; Schema: public; Owner: postgres
--

CREATE INDEX phan_anh_binhluan_nguoi_dung_id_ec86167e ON public.phan_anh_binhluan USING btree (nguoi_dung_id);


--
-- TOC entry 4922 (class 1259 OID 18377)
-- Name: phan_anh_diemphananh_nguoi_tao_id_d346445d; Type: INDEX; Schema: public; Owner: postgres
--

CREATE INDEX phan_anh_diemphananh_nguoi_tao_id_d346445d ON public.phan_anh_diemphananh USING btree (nguoi_tao_id);


--
-- TOC entry 4938 (class 1259 OID 18455)
-- Name: phan_anh_diemphananh_nguoi_theo_doi_diemphananh_id_f32ad8bc; Type: INDEX; Schema: public; Owner: postgres
--

CREATE INDEX phan_anh_diemphananh_nguoi_theo_doi_diemphananh_id_f32ad8bc ON public.phan_anh_diemphananh_nguoi_theo_doi USING btree (diemphananh_id);


--
-- TOC entry 4941 (class 1259 OID 18456)
-- Name: phan_anh_diemphananh_nguoi_theo_doi_user_id_f951e26e; Type: INDEX; Schema: public; Owner: postgres
--

CREATE INDEX phan_anh_diemphananh_nguoi_theo_doi_user_id_f951e26e ON public.phan_anh_diemphananh_nguoi_theo_doi USING btree (user_id);


--
-- TOC entry 4944 (class 1259 OID 18480)
-- Name: phan_anh_diemphananh_nguoi_xac_nhan_diemphananh_id_441787b6; Type: INDEX; Schema: public; Owner: postgres
--

CREATE INDEX phan_anh_diemphananh_nguoi_xac_nhan_diemphananh_id_441787b6 ON public.phan_anh_diemphananh_nguoi_xac_nhan USING btree (diemphananh_id);


--
-- TOC entry 4947 (class 1259 OID 18481)
-- Name: phan_anh_diemphananh_nguoi_xac_nhan_user_id_cf9e0442; Type: INDEX; Schema: public; Owner: postgres
--

CREATE INDEX phan_anh_diemphananh_nguoi_xac_nhan_user_id_cf9e0442 ON public.phan_anh_diemphananh_nguoi_xac_nhan USING btree (user_id);


--
-- TOC entry 4929 (class 1259 OID 18395)
-- Name: phan_anh_hinhanhphananh_diem_phan_anh_id_138bc2c4; Type: INDEX; Schema: public; Owner: postgres
--

CREATE INDEX phan_anh_hinhanhphananh_diem_phan_anh_id_138bc2c4 ON public.phan_anh_hinhanhphananh USING btree (diem_phan_anh_id);


--
-- TOC entry 4949 (class 2606 OID 18256)
-- Name: auth_group_permissions auth_group_permissio_permission_id_84c5c92e_fk_auth_perm; Type: FK CONSTRAINT; Schema: public; Owner: postgres
--

ALTER TABLE ONLY public.auth_group_permissions
    ADD CONSTRAINT auth_group_permissio_permission_id_84c5c92e_fk_auth_perm FOREIGN KEY (permission_id) REFERENCES public.auth_permission(id) DEFERRABLE INITIALLY DEFERRED;


--
-- TOC entry 4950 (class 2606 OID 18251)
-- Name: auth_group_permissions auth_group_permissions_group_id_b120cbf9_fk_auth_group_id; Type: FK CONSTRAINT; Schema: public; Owner: postgres
--

ALTER TABLE ONLY public.auth_group_permissions
    ADD CONSTRAINT auth_group_permissions_group_id_b120cbf9_fk_auth_group_id FOREIGN KEY (group_id) REFERENCES public.auth_group(id) DEFERRABLE INITIALLY DEFERRED;


--
-- TOC entry 4948 (class 2606 OID 18242)
-- Name: auth_permission auth_permission_content_type_id_2f476e4b_fk_django_co; Type: FK CONSTRAINT; Schema: public; Owner: postgres
--

ALTER TABLE ONLY public.auth_permission
    ADD CONSTRAINT auth_permission_content_type_id_2f476e4b_fk_django_co FOREIGN KEY (content_type_id) REFERENCES public.django_content_type(id) DEFERRABLE INITIALLY DEFERRED;


--
-- TOC entry 4951 (class 2606 OID 18271)
-- Name: auth_user_groups auth_user_groups_group_id_97559544_fk_auth_group_id; Type: FK CONSTRAINT; Schema: public; Owner: postgres
--

ALTER TABLE ONLY public.auth_user_groups
    ADD CONSTRAINT auth_user_groups_group_id_97559544_fk_auth_group_id FOREIGN KEY (group_id) REFERENCES public.auth_group(id) DEFERRABLE INITIALLY DEFERRED;


--
-- TOC entry 4952 (class 2606 OID 18266)
-- Name: auth_user_groups auth_user_groups_user_id_6a12ed8b_fk_auth_user_id; Type: FK CONSTRAINT; Schema: public; Owner: postgres
--

ALTER TABLE ONLY public.auth_user_groups
    ADD CONSTRAINT auth_user_groups_user_id_6a12ed8b_fk_auth_user_id FOREIGN KEY (user_id) REFERENCES public.auth_user(id) DEFERRABLE INITIALLY DEFERRED;


--
-- TOC entry 4953 (class 2606 OID 18285)
-- Name: auth_user_user_permissions auth_user_user_permi_permission_id_1fbb5f2c_fk_auth_perm; Type: FK CONSTRAINT; Schema: public; Owner: postgres
--

ALTER TABLE ONLY public.auth_user_user_permissions
    ADD CONSTRAINT auth_user_user_permi_permission_id_1fbb5f2c_fk_auth_perm FOREIGN KEY (permission_id) REFERENCES public.auth_permission(id) DEFERRABLE INITIALLY DEFERRED;


--
-- TOC entry 4954 (class 2606 OID 18280)
-- Name: auth_user_user_permissions auth_user_user_permissions_user_id_a95ead1b_fk_auth_user_id; Type: FK CONSTRAINT; Schema: public; Owner: postgres
--

ALTER TABLE ONLY public.auth_user_user_permissions
    ADD CONSTRAINT auth_user_user_permissions_user_id_a95ead1b_fk_auth_user_id FOREIGN KEY (user_id) REFERENCES public.auth_user(id) DEFERRABLE INITIALLY DEFERRED;


--
-- TOC entry 4955 (class 2606 OID 18307)
-- Name: django_admin_log django_admin_log_content_type_id_c4bce8eb_fk_django_co; Type: FK CONSTRAINT; Schema: public; Owner: postgres
--

ALTER TABLE ONLY public.django_admin_log
    ADD CONSTRAINT django_admin_log_content_type_id_c4bce8eb_fk_django_co FOREIGN KEY (content_type_id) REFERENCES public.django_content_type(id) DEFERRABLE INITIALLY DEFERRED;


--
-- TOC entry 4956 (class 2606 OID 18312)
-- Name: django_admin_log django_admin_log_user_id_c564eba6_fk_auth_user_id; Type: FK CONSTRAINT; Schema: public; Owner: postgres
--

ALTER TABLE ONLY public.django_admin_log
    ADD CONSTRAINT django_admin_log_user_id_c564eba6_fk_auth_user_id FOREIGN KEY (user_id) REFERENCES public.auth_user(id) DEFERRABLE INITIALLY DEFERRED;


--
-- TOC entry 4958 (class 2606 OID 18383)
-- Name: phan_anh_binhluan phan_anh_binhluan_diem_phan_anh_id_2ec9c95d_fk_phan_anh_; Type: FK CONSTRAINT; Schema: public; Owner: postgres
--

ALTER TABLE ONLY public.phan_anh_binhluan
    ADD CONSTRAINT phan_anh_binhluan_diem_phan_anh_id_2ec9c95d_fk_phan_anh_ FOREIGN KEY (diem_phan_anh_id) REFERENCES public.phan_anh_diemphananh(id) DEFERRABLE INITIALLY DEFERRED;


--
-- TOC entry 4959 (class 2606 OID 18378)
-- Name: phan_anh_binhluan phan_anh_binhluan_nguoi_dung_id_ec86167e_fk_auth_user_id; Type: FK CONSTRAINT; Schema: public; Owner: postgres
--

ALTER TABLE ONLY public.phan_anh_binhluan
    ADD CONSTRAINT phan_anh_binhluan_nguoi_dung_id_ec86167e_fk_auth_user_id FOREIGN KEY (nguoi_dung_id) REFERENCES public.auth_user(id) DEFERRABLE INITIALLY DEFERRED;


--
-- TOC entry 4963 (class 2606 OID 18470)
-- Name: phan_anh_diemphananh_nguoi_xac_nhan phan_anh_diemphananh_diemphananh_id_441787b6_fk_phan_anh_; Type: FK CONSTRAINT; Schema: public; Owner: postgres
--

ALTER TABLE ONLY public.phan_anh_diemphananh_nguoi_xac_nhan
    ADD CONSTRAINT phan_anh_diemphananh_diemphananh_id_441787b6_fk_phan_anh_ FOREIGN KEY (diemphananh_id) REFERENCES public.phan_anh_diemphananh(id) DEFERRABLE INITIALLY DEFERRED;


--
-- TOC entry 4961 (class 2606 OID 18445)
-- Name: phan_anh_diemphananh_nguoi_theo_doi phan_anh_diemphananh_diemphananh_id_f32ad8bc_fk_phan_anh_; Type: FK CONSTRAINT; Schema: public; Owner: postgres
--

ALTER TABLE ONLY public.phan_anh_diemphananh_nguoi_theo_doi
    ADD CONSTRAINT phan_anh_diemphananh_diemphananh_id_f32ad8bc_fk_phan_anh_ FOREIGN KEY (diemphananh_id) REFERENCES public.phan_anh_diemphananh(id) DEFERRABLE INITIALLY DEFERRED;


--
-- TOC entry 4957 (class 2606 OID 18372)
-- Name: phan_anh_diemphananh phan_anh_diemphananh_nguoi_tao_id_d346445d_fk_auth_user_id; Type: FK CONSTRAINT; Schema: public; Owner: postgres
--

ALTER TABLE ONLY public.phan_anh_diemphananh
    ADD CONSTRAINT phan_anh_diemphananh_nguoi_tao_id_d346445d_fk_auth_user_id FOREIGN KEY (nguoi_tao_id) REFERENCES public.auth_user(id) DEFERRABLE INITIALLY DEFERRED;


--
-- TOC entry 4964 (class 2606 OID 18475)
-- Name: phan_anh_diemphananh_nguoi_xac_nhan phan_anh_diemphananh_user_id_cf9e0442_fk_auth_user; Type: FK CONSTRAINT; Schema: public; Owner: postgres
--

ALTER TABLE ONLY public.phan_anh_diemphananh_nguoi_xac_nhan
    ADD CONSTRAINT phan_anh_diemphananh_user_id_cf9e0442_fk_auth_user FOREIGN KEY (user_id) REFERENCES public.auth_user(id) DEFERRABLE INITIALLY DEFERRED;


--
-- TOC entry 4962 (class 2606 OID 18450)
-- Name: phan_anh_diemphananh_nguoi_theo_doi phan_anh_diemphananh_user_id_f951e26e_fk_auth_user; Type: FK CONSTRAINT; Schema: public; Owner: postgres
--

ALTER TABLE ONLY public.phan_anh_diemphananh_nguoi_theo_doi
    ADD CONSTRAINT phan_anh_diemphananh_user_id_f951e26e_fk_auth_user FOREIGN KEY (user_id) REFERENCES public.auth_user(id) DEFERRABLE INITIALLY DEFERRED;


--
-- TOC entry 4960 (class 2606 OID 18390)
-- Name: phan_anh_hinhanhphananh phan_anh_hinhanhphan_diem_phan_anh_id_138bc2c4_fk_phan_anh_; Type: FK CONSTRAINT; Schema: public; Owner: postgres
--

ALTER TABLE ONLY public.phan_anh_hinhanhphananh
    ADD CONSTRAINT phan_anh_hinhanhphan_diem_phan_anh_id_138bc2c4_fk_phan_anh_ FOREIGN KEY (diem_phan_anh_id) REFERENCES public.phan_anh_diemphananh(id) DEFERRABLE INITIALLY DEFERRED;


--
-- TOC entry 5147 (class 0 OID 0)
-- Dependencies: 5
-- Name: SCHEMA public; Type: ACL; Schema: -; Owner: postgres
--

REVOKE USAGE ON SCHEMA public FROM PUBLIC;


-- Completed on 2026-05-04 14:33:43

--
-- PostgreSQL database dump complete
--

\unrestrict y55bjeIrms6h5eJjhKMuE06IB2dQnMOJQIH5xK2mf9UNVvN5UwshnMbJjHLDTkh

